date,irradiance_kwh_m2,temperature_c,humidity_pct,wind_speed_ms,precipitation_mm
2022-07-06,3.0854,28.77,73.58,3.42,4.59
2022-07-07,3.155,28.59,73.43,4.71,1.75
2022-07-08,2.7,28.96,71.85,4.54,3.76
2022-07-09,3.4169,29.07,70.96,5.12,2.01
2022-07-10,3.2146,29.1,70.16,5.54,2.79
2022-07-11,2.8752,29.27,68.64,6.34,1.15
2022-07-12,4.4383,29.38,67.03,6.67,1.38
2022-07-13,3.905,29.21,67.36,7.17,2.29
2022-07-14,5.321,29.52,63.32,7.55,0.31
2022-07-15,4.885,29.92,64.32,5.91,0.09
2022-07-16,4.877,29.97,70.15,4.52,5.09
2022-07-17,3.4858,29.51,75.18,3.56,9.42
2022-07-18,3.4394,28.48,74.31,3.56,2.0
2022-07-19,6.5501,29.5,73.25,2.7,0.94
2022-07-20,6.2827,28.94,79.3,2.82,10.14
2022-07-21,5.8913,28.65,79.45,2.82,5.89
2022-07-22,3.0809,27.1,86.36,2.27,15.58
2022-07-23,5.7566,28.68,75.05,2.75,1.46
2022-07-24,5.0856,28.71,73.78,2.91,3.4
2022-07-25,6.2923,28.45,75.63,2.98,3.46
2022-07-26,3.4243,27.11,83.97,2.33,7.74
2022-07-27,6.648,27.76,80.18,2.17,0.2
2022-07-28,6.5417,28.1,78.64,1.68,0.75
2022-07-29,6.6516,28.49,77.08,1.71,0.73
2022-07-30,6.6386,29.21,75.32,3.01,1.37
2022-07-31,6.2333,28.87,78.92,3.03,4.17
2022-08-01,6.3756,29.2,77.4,2.09,8.36
2022-08-02,3.9948,29.35,74.09,2.28,6.98
2022-08-03,3.0775,27.64,80.85,1.96,14.47
2022-08-04,1.6481,27.68,79.7,2.92,6.52
2022-08-05,3.1056,28.33,78.14,5.16,3.08
2022-08-06,3.8844,27.99,79.09,5.16,1.04
2022-08-07,3.1363,28.1,77.96,5.71,0.62
2022-08-08,4.8578,28.31,76.48,6.45,0.33
2022-08-09,4.7114,28.67,72.24,6.67,0.02
2022-08-10,5.5642,28.89,69.3,6.52,0.0
2022-08-11,5.7564,29.22,69.98,5.41,0.02
2022-08-12,5.8596,29.83,69.58,4.36,0.02
2022-08-13,5.503,29.28,70.75,3.79,0.04
2022-08-14,3.828,29.8,65.72,3.67,0.02
2022-08-15,4.9202,29.36,70.5,3.0,2.09
2022-08-16,5.7629,28.55,79.44,3.51,8.22
2022-08-17,6.1106,27.3,85.51,3.85,8.62
2022-08-18,5.9232,28.0,79.58,3.17,4.21
2022-08-19,3.6077,27.74,78.77,3.54,4.58
2022-08-20,5.5498,29.32,72.62,3.62,1.33
2022-08-21,4.6476,29.3,73.23,4.09,9.65
2022-08-22,6.1663,29.01,77.63,4.42,10.86
2022-08-23,5.9458,29.32,74.8,3.45,21.98
2022-08-24,4.7986,27.76,79.67,3.3,9.93
2022-08-25,6.2026,28.38,78.55,2.49,9.94
2022-08-26,5.9165,27.11,84.17,2.33,12.99
2022-08-27,4.6848,27.81,80.77,2.84,12.65
2022-08-28,6.0029,28.01,81.4,2.4,8.91
2022-08-29,5.5298,27.93,81.98,1.57,9.02
2022-08-30,5.8968,28.09,80.06,2.02,1.29
2022-08-31,4.1422,27.45,79.65,1.37,10.69
2022-09-01,2.3191,27.5,77.82,1.21,12.54
2022-09-02,6.3518,27.39,81.54,1.9,2.58
2022-09-03,6.1735,28.13,80.48,2.1,0.26
2022-09-04,6.4075,28.06,84.68,2.4,1.19
2022-09-05,6.5635,28.31,83.29,2.62,0.73
2022-09-06,5.832,28.18,81.79,2.53,11.67
2022-09-07,2.7418,27.52,80.29,2.6,2.75
2022-09-08,1.2715,26.86,84.31,2.53,6.67
2022-09-09,4.1743,28.32,81.35,3.35,1.36
2022-09-10,2.6474,28.27,81.64,4.48,1.35
2022-09-11,3.7469,28.06,80.24,5.35,0.42
2022-09-12,5.9532,27.93,80.49,5.2,0.11
2022-09-13,6.3828,28.29,78.92,4.38,0.17
2022-09-14,6.0286,28.57,79.78,3.59,1.25
2022-09-15,2.7144,27.11,82.01,3.32,2.04
2022-09-16,6.3,28.16,78.55,2.76,1.29
2022-09-17,6.3271,28.64,78.48,2.8,2.85
2022-09-18,6.2537,28.64,78.27,3.25,1.23
2022-09-19,3.8326,27.82,79.47,3.46,2.23
2022-09-20,5.1576,28.01,72.64,3.69,0.78
2022-09-21,6.485,27.97,70.4,3.13,0.04
2022-09-22,5.7526,28.75,72.72,2.49,0.13
2022-09-23,6.3943,28.48,69.53,3.07,0.14
2022-09-24,5.9119,28.92,72.72,3.24,0.83
2022-09-25,6.0936,28.65,75.29,2.74,0.82
2022-09-26,4.6843,29.05,76.43,1.8,4.23
2022-09-27,5.6244,28.27,79.9,1.94,9.48
2022-09-28,3.3346,26.83,86.66,3.13,5.7
2022-09-29,1.9543,27.5,80.75,3.21,4.56
2022-09-30,1.6738,26.9,83.63,3.7,5.21
2022-10-01,2.4024,26.05,83.85,6.66,5.77
2022-10-02,2.4391,27.05,77.79,5.08,0.6
2022-10-03,3.181,27.96,77.2,4.1,0.21
2022-10-04,3.5081,27.06,82.87,3.31,0.44
2022-10-05,0.4099,26.19,86.75,2.82,10.79
2022-10-06,3.4325,26.75,84.4,2.0,22.41
2022-10-07,2.9981,27.3,80.74,1.88,3.22
2022-10-08,4.5175,27.5,82.6,2.45,10.59
2022-10-09,5.0962,27.17,85.88,3.03,17.43
2022-10-10,4.7743,27.3,84.96,3.38,5.37
2022-10-11,5.6798,27.46,84.91,4.23,9.35
2022-10-12,5.8524,27.45,83.99,2.42,2.27
2022-10-13,5.7062,27.48,82.14,1.94,2.18
2022-10-14,2.9203,27.59,81.03,2.03,2.34
2022-10-15,5.2855,27.18,83.7,2.66,4.78
2022-10-16,5.6786,27.4,84.12,2.73,5.46
2022-10-17,5.8867,27.86,82.1,2.51,2.69
2022-10-18,5.7905,27.66,81.16,1.92,6.35
2022-10-19,5.5898,27.67,80.37,2.44,5.85
2022-10-20,5.4317,27.17,85.87,2.8,16.88
2022-10-21,5.1346,27.25,85.29,3.34,6.6
2022-10-22,4.1066,27.3,86.71,4.4,2.64
2022-10-23,5.4197,27.44,76.08,4.49,1.41
2022-10-24,5.6585,26.14,65.99,3.62,0.0
2022-10-25,5.9652,26.1,64.27,2.9,0.0
2022-10-26,6.2081,26.31,65.69,3.7,0.02
2022-10-27,4.5425,26.44,75.1,4.17,2.07
2022-10-28,4.6022,26.62,83.52,4.6,10.41
2022-10-29,4.0073,27.01,80.51,5.02,3.87
2022-10-30,4.7194,26.81,81.9,5.37,7.56
2022-10-31,0.9166,25.71,90.31,4.47,25.66
2022-11-01,1.1801,25.65,85.84,3.23,54.46
2022-11-02,2.2824,25.63,88.37,3.93,28.46
2022-11-03,3.792,25.67,86.58,3.68,24.99
2022-11-04,4.7796,25.79,84.38,2.78,4.36
2022-11-05,5.5685,26.43,85.01,3.7,3.45
2022-11-06,5.1665,26.37,83.12,4.83,2.51
2022-11-07,3.9876,26.06,84.97,4.45,8.51
2022-11-08,4.1671,26.05,86.01,4.8,4.0
2022-11-09,5.1094,26.32,83.88,4.82,1.51
2022-11-10,3.947,26.27,83.05,6.08,3.84
2022-11-11,0.7188,26.09,90.35,7.4,67.26
2022-11-12,2.6782,26.44,87.95,4.6,35.62
2022-11-13,2.1072,25.77,88.67,3.0,35.91
2022-11-14,3.6607,26.26,85.98,4.28,7.69
2022-11-15,4.23,25.97,82.74,4.23,7.45
2022-11-16,5.0083,24.62,80.42,4.25,0.01
2022-11-17,4.8386,24.14,76.68,5.12,0.0
2022-11-18,3.984,24.47,76.51,5.4,0.0
2022-11-19,4.4906,24.13,77.35,5.9,0.0
2022-11-20,2.7934,23.07,78.95,6.15,0.35
2022-11-21,1.1045,23.62,91.87,5.24,2.31
2022-11-22,0.9139,25.39,92.14,4.5,5.68
2022-11-23,3.6593,26.18,90.48,2.89,9.63
2022-11-24,4.6313,25.91,87.32,2.75,3.0
2022-11-25,4.6418,25.54,86.6,2.64,0.3
2022-11-26,3.8652,25.84,84.6,2.4,0.14
2022-11-27,4.0346,25.96,83.83,1.8,1.01
2022-11-28,4.2842,25.71,81.23,2.63,0.05
2022-11-29,4.9226,24.69,77.56,3.82,0.0
2022-11-30,3.7987,24.64,83.2,3.48,1.28
2022-12-01,4.3901,25.96,86.61,3.47,2.14
2022-12-02,5.0842,26.07,83.68,3.13,0.14
2022-12-03,4.5722,26.05,86.39,4.21,2.59
2022-12-04,3.8335,25.82,86.35,4.81,1.1
2022-12-05,3.9022,25.87,83.06,4.34,0.7
2022-12-06,2.7732,25.36,79.81,5.07,0.02
2022-12-07,3.2004,23.77,81.29,6.2,0.01
2022-12-08,1.6159,22.52,81.86,9.06,14.41
2022-12-09,1.3819,23.96,88.93,9.84,58.41
2022-12-10,2.4002,25.03,89.81,6.75,59.93
2022-12-11,2.4322,25.37,87.25,4.96,14.22
2022-12-12,1.7472,25.26,90.18,4.77,23.63
2022-12-13,4.86,25.5,87.95,3.32,5.64
2022-12-14,4.5744,25.36,86.71,3.13,0.8
2022-12-15,5.0662,24.34,83.55,3.0,0.01
2022-12-16,4.6274,24.39,84.08,3.38,0.03
2022-12-17,4.211,25.2,84.58,3.81,0.03
2022-12-18,3.9674,24.86,81.93,5.41,0.03
2022-12-19,4.2756,23.97,82.3,5.29,0.04
2022-12-20,4.7662,24.21,82.48,5.55,0.04
2022-12-21,3.8789,24.31,86.31,5.6,0.07
2022-12-22,3.8525,24.32,83.39,5.8,0.52
2022-12-23,3.6578,24.63,88.43,5.78,0.22
2022-12-24,3.3511,25.34,87.36,6.26,6.68
2022-12-25,3.6314,25.88,89.15,5.09,13.2
2022-12-26,3.871,25.58,89.34,3.76,3.62
2022-12-27,4.8043,25.1,89.17,3.07,0.41
2022-12-28,4.8264,25.59,83.74,2.43,0.02
2022-12-29,4.8178,25.27,82.49,1.94,0.0
2022-12-30,5.0429,25.01,79.06,1.8,0.0
2022-12-31,5.1233,24.7,78.67,1.73,0.0
2023-01-01,5.045,24.36,80.51,2.13,0.0
2023-01-02,4.9363,24.74,76.93,3.08,0.0
2023-01-03,4.5348,24.67,77.4,3.53,0.01
2023-01-04,4.5072,24.68,77.54,4.14,0.0
2023-01-05,4.7414,24.6,74.79,5.25,0.01
2023-01-06,4.1446,24.69,77.4,5.82,0.01
2023-01-07,3.9324,24.44,80.41,5.02,0.21
2023-01-08,4.0831,23.99,78.94,4.41,0.21
2023-01-09,5.2265,22.92,72.99,4.36,0.0
2023-01-10,5.2049,23.08,75.06,4.21,0.07
2023-01-11,5.4216,23.16,76.15,3.27,0.0
2023-01-12,5.5618,23.24,74.67,2.24,0.0
2023-01-13,5.5222,23.15,75.4,2.06,0.0
2023-01-14,5.9458,22.67,74.14,2.25,0.0
2023-01-15,5.8046,22.54,75.5,2.18,0.0
2023-01-16,5.8181,22.55,74.95,2.79,0.0
2023-01-17,5.4622,23.2,73.37,2.55,0.0
2023-01-18,5.2594,23.44,72.48,3.18,0.0
2023-01-19,5.3873,23.68,71.9,3.0,0.0
2023-01-20,3.8023,23.98,79.81,3.54,0.08
2023-01-21,4.8617,24.24,78.13,4.28,0.02
2023-01-22,4.2694,23.75,77.83,4.07,0.0
2023-01-23,3.937,24.59,78.83,4.11,0.02
2023-01-24,5.4749,24.54,75.5,3.53,0.01
2023-01-25,5.3038,23.71,73.95,3.44,0.0
2023-01-26,4.3145,24.11,72.82,3.57,0.02
2023-01-27,5.4948,23.7,75.02,3.59,0.0
2023-01-28,5.1149,23.93,78.0,3.91,0.03
2023-01-29,4.8852,24.8,80.23,4.65,0.5
2023-01-30,4.5958,25.5,82.63,4.66,1.86
2023-01-31,3.7985,24.98,82.17,4.85,0.52
2023-02-01,4.2658,25.47,76.48,5.43,0.5
2023-02-02,3.1944,25.57,78.36,5.06,0.18
2023-02-03,5.1958,25.8,78.3,4.96,0.34
2023-02-04,5.3988,25.43,75.58,4.37,0.14
2023-02-05,5.6424,25.0,72.68,3.56,0.0
2023-02-06,5.25,24.88,73.16,3.09,0.0
2023-02-07,5.2942,24.75,73.56,2.16,0.0
2023-02-08,5.3126,24.95,73.76,2.76,0.0
2023-02-09,5.5102,25.08,74.52,2.35,0.0
2023-02-10,5.825,25.19,71.65,2.37,0.0
2023-02-11,4.7578,25.14,68.28,2.09,0.0
2023-02-12,5.6654,25.19,65.17,2.53,0.0
2023-02-13,5.9914,25.12,64.43,2.68,0.0
2023-02-14,5.5781,25.01,69.76,2.55,0.0
2023-02-15,5.3498,24.71,72.74,2.64,0.0
2023-02-16,5.9849,24.7,74.12,2.56,0.0
2023-02-17,5.9683,24.7,73.6,2.73,0.0
2023-02-18,5.9554,25.17,71.33,3.1,0.0
2023-02-19,6.1618,25.52,69.58,3.13,0.0
2023-02-20,5.953,25.76,65.54,2.47,0.0
2023-02-21,6.1037,25.78,63.99,2.43,0.0
2023-02-22,5.8978,25.77,65.33,2.93,0.0
2023-02-23,6.4937,25.06,67.8,2.95,0.0
2023-02-24,6.6041,25.32,63.89,2.44,0.0
2023-02-25,6.6194,25.52,64.98,2.73,0.0
2023-02-26,5.9904,25.42,67.37,3.07,0.0
2023-02-27,6.4903,25.82,60.33,2.95,0.0
2023-02-28,5.807,26.06,71.67,3.77,0.0
2023-03-01,6.2165,26.55,72.45,4.29,0.01
2023-03-02,6.7891,25.92,63.85,3.97,0.0
2023-03-03,6.0329,25.88,68.59,3.71,0.0
2023-03-04,6.1663,26.41,66.97,3.85,0.0
2023-03-05,6.6002,26.45,69.87,3.89,0.0
2023-03-06,6.6398,26.47,67.86,3.42,0.0
2023-03-07,6.3648,26.36,68.22,3.18,0.0
2023-03-08,6.2746,26.7,65.56,4.15,0.0
2023-03-09,5.2416,27.22,64.5,3.73,0.0
2023-03-10,5.1979,26.98,69.71,3.8,0.0
2023-03-11,6.5813,26.76,70.07,3.94,0.0
2023-03-12,6.6216,27.49,69.92,3.88,0.01
2023-03-13,6.5621,27.91,66.41,3.51,0.01
2023-03-14,6.0389,27.75,68.25,3.34,0.02
2023-03-15,6.0271,27.95,71.71,3.76,0.04
2023-03-16,6.0737,28.21,71.36,4.22,0.13
2023-03-17,3.3883,27.93,75.24,3.53,10.01
2023-03-18,4.4621,27.82,77.04,4.18,10.1
2023-03-19,4.2413,27.49,77.8,3.1,19.92
2023-03-20,5.3275,27.52,78.1,3.83,11.9
2023-03-21,6.4946,28.24,75.92,3.3,1.79
2023-03-22,6.2856,29.03,73.18,3.72,0.39
2023-03-23,4.7918,28.81,76.23,4.04,2.02
2023-03-24,6.6403,28.76,74.99,4.26,2.69
2023-03-25,6.467,29.04,72.38,3.83,0.03
2023-03-26,5.8164,28.96,73.4,3.35,0.13
2023-03-27,6.4428,29.63,70.9,3.32,0.16
2023-03-28,6.3936,29.31,71.86,3.94,0.03
2023-03-29,6.6682,28.95,70.78,3.91,0.01
2023-03-30,6.5606,28.58,70.01,3.63,0.01
2023-03-31,6.7505,28.98,67.71,4.44,0.01
2023-04-01,6.6036,29.27,71.17,4.35,0.02
2023-04-02,6.3502,29.27,73.05,4.87,0.97
2023-04-03,6.7464,29.34,74.12,4.67,0.26
2023-04-04,6.5095,29.51,71.28,4.07,0.03
2023-04-05,6.75,28.95,73.8,3.98,0.03
2023-04-06,6.93,29.48,70.09,3.58,0.01
2023-04-07,6.8738,29.29,68.71,3.43,0.0
2023-04-08,6.8129,29.16,65.65,3.32,0.0
2023-04-09,6.7562,28.94,68.3,3.38,0.01
2023-04-10,7.0951,29.01,67.22,2.65,0.0
2023-04-11,7.128,29.23,62.6,2.33,0.0
2023-04-12,7.3133,29.74,57.99,2.59,0.0
2023-04-13,6.9905,30.69,52.62,2.99,0.0
2023-04-14,6.6773,30.61,57.99,3.61,0.0
2023-04-15,6.096,31.07,55.87,3.28,0.0
2023-04-16,6.5875,30.31,59.96,3.57,0.0
2023-04-17,6.4603,31.03,57.25,4.0,0.0
2023-04-18,6.7248,30.78,60.54,3.38,0.0
2023-04-19,7.0942,30.8,61.09,3.75,0.0
2023-04-20,6.8074,31.59,65.28,4.67,0.0
2023-04-21,6.4042,31.85,64.69,4.96,0.12
2023-04-22,5.64,31.62,65.45,4.3,0.67
2023-04-23,6.0943,31.64,65.07,5.33,3.5
2023-04-24,6.6218,30.84,67.85,5.09,2.17
2023-04-25,6.3528,30.07,70.92,3.83,2.14
2023-04-26,6.2642,30.48,63.51,3.24,0.07
2023-04-27,5.8918,30.59,65.16,3.29,0.09
2023-04-28,6.7958,30.92,65.36,3.69,0.32
2023-04-29,5.7595,30.77,67.18,3.53,1.27
2023-04-30,6.0235,30.83,64.38,3.72,0.55
2023-05-01,4.4508,29.21,73.13,3.15,14.52
2023-05-02,3.6662,28.1,81.9,3.47,12.13
2023-05-03,4.153,27.83,82.81,3.32,1.28
2023-05-04,5.8999,29.45,72.96,2.32,0.98
2023-05-05,3.4258,28.25,78.33,1.9,6.0
2023-05-06,5.2334,29.45,71.08,1.66,7.4
2023-05-07,4.9222,29.32,73.2,2.66,3.23
2023-05-08,6.6672,29.32,76.05,2.66,8.36
2023-05-09,7.0306,29.95,71.53,2.88,0.14
2023-05-10,5.6189,29.88,71.05,2.6,0.15
2023-05-11,4.0956,30.41,70.36,2.48,0.07
2023-05-12,4.7518,31.64,66.11,3.07,0.06
2023-05-13,4.675,33.29,59.36,4.09,0.02
2023-05-14,5.4475,34.15,55.34,4.49,0.01
2023-05-15,5.9386,33.52,59.98,3.98,1.03
2023-05-16,6.6835,33.34,59.73,3.8,0.18
2023-05-17,6.3905,32.65,66.61,4.0,0.19
2023-05-18,6.3533,31.37,71.2,3.81,0.1
2023-05-19,6.2803,30.9,74.06,4.52,0.12
2023-05-20,6.235,31.24,71.64,3.93,0.07
2023-05-21,5.2135,30.29,76.56,3.73,0.17
2023-05-22,6.0473,30.38,76.47,4.04,0.16
2023-05-23,6.3518,30.76,72.5,4.1,0.06
2023-05-24,6.5143,31.92,65.54,5.04,0.06
2023-05-25,6.0365,33.23,57.15,3.7,0.5
2023-05-26,5.7727,33.36,55.67,3.95,0.27
2023-05-27,6.1322,33.84,55.62,3.33,2.46
2023-05-28,5.4562,32.91,58.07,4.63,0.84
2023-05-29,6.2942,32.38,63.99,4.04,0.35
2023-05-30,5.7948,31.44,68.69,3.57,2.08
2023-05-31,6.3463,31.25,69.9,2.35,0.58
2023-06-01,5.7895,32.34,63.01,4.86,0.5
2023-06-02,5.8601,33.1,57.72,3.95,0.17
2023-06-03,5.7019,33.76,54.76,5.35,0.04
2023-06-04,5.5853,33.53,55.26,4.29,0.03
2023-06-05,5.9304,31.66,62.43,6.44,2.71
2023-06-06,6.3358,32.2,59.27,5.69,1.2
2023-06-07,4.8559,28.61,75.89,6.33,3.04
2023-06-08,5.7926,31.11,66.19,5.96,0.35
2023-06-09,5.7466,30.34,69.86,5.0,5.24
2023-06-10,6.2323,31.31,65.1,2.99,6.7
2023-06-11,5.7182,31.81,59.37,5.35,0.01
2023-06-12,6.7639,31.78,63.28,4.64,4.57
2023-06-13,6.5568,31.16,66.78,3.53,2.31
2023-06-14,5.6767,30.27,71.26,4.47,2.5
2023-06-15,6.4838,31.3,65.04,4.19,0.73
2023-06-16,6.4193,32.16,64.13,3.84,1.61
2023-06-17,1.938,29.26,72.75,5.26,8.83
2023-06-18,2.5171,27.98,80.55,4.93,48.9
2023-06-19,2.8658,29.47,75.81,4.49,21.5
2023-06-20,4.1894,29.48,76.98,3.35,12.83
2023-06-21,2.7835,27.48,81.24,2.75,1.73
2023-06-22,4.2684,28.79,79.69,2.23,8.34
2023-06-23,3.0672,29.25,77.83,2.77,6.08
2023-06-24,4.1066,29.23,74.83,3.22,3.76
2023-06-25,3.4315,28.27,80.21,4.09,7.82
2023-06-26,4.2739,29.75,70.56,2.97,0.15
2023-06-27,4.685,30.14,69.05,2.63,0.15
2023-06-28,6.3998,29.66,68.03,3.96,0.16
2023-06-29,6.4397,30.08,69.4,3.0,1.62
2023-06-30,6.5916,30.74,66.42,3.25,0.56
2023-07-01,5.1576,30.25,69.37,2.75,3.01
2023-07-02,2.0935,27.44,78.47,5.22,3.24
2023-07-03,2.7542,27.97,80.12,4.31,4.82
2023-07-04,3.8194,28.23,79.22,3.75,3.92
2023-07-05,3.8918,29.46,67.13,5.83,1.34
2023-07-06,4.6913,29.09,69.75,5.49,0.15
2023-07-07,5.7041,29.37,68.08,4.49,0.22
2023-07-08,4.6754,29.72,69.84,3.44,1.94
2023-07-09,6.324,29.79,70.06,2.82,4.36
2023-07-10,2.149,28.83,77.62,3.34,8.05
2023-07-11,3.5849,28.86,76.32,3.62,3.13
2023-07-12,3.0312,29.08,73.82,3.1,12.22
2023-07-13,5.5044,29.26,72.59,4.03,11.25
2023-07-14,5.7564,29.93,71.98,3.84,0.46
2023-07-15,6.1795,29.79,68.5,4.02,0.14
2023-07-16,4.0663,30.05,71.23,2.8,0.06
2023-07-17,5.2248,30.07,71.34,4.14,0.11
2023-07-18,4.7921,30.27,68.44,5.0,0.04
2023-07-19,5.305,30.18,64.86,5.65,0.54
2023-07-20,3.845,30.02,65.02,6.73,0.03
2023-07-21,4.4604,29.98,67.67,5.94,0.55
2023-07-22,3.1219,29.94,68.46,5.46,6.07
2023-07-23,1.6318,29.18,73.19,4.42,2.07
2023-07-24,1.9015,27.96,79.37,4.97,7.47
2023-07-25,1.4508,27.46,79.23,4.8,6.91
2023-07-26,3.1898,28.81,74.17,5.61,6.64
2023-07-27,5.675,29.15,68.17,6.08,0.02
2023-07-28,6.1862,30.39,64.83,5.06,0.03
2023-07-29,5.8447,31.12,62.34,5.86,0.1
2023-07-30,5.8354,31.32,63.59,4.87,0.33
2023-07-31,5.591,30.94,67.77,4.11,0.18
2023-08-01,4.4604,31.57,64.38,4.49,0.07
2023-08-02,5.3779,31.14,62.46,4.26,0.03
2023-08-03,5.8411,31.04,66.03,3.74,0.23
2023-08-04,6.2165,31.02,66.32,3.61,0.7
2023-08-05,6.2458,31.2,65.45,3.36,0.21
2023-08-06,6.3998,30.97,67.26,3.6,0.17
2023-08-07,5.6266,30.64,67.78,3.75,0.49
2023-08-08,3.7654,30.4,67.4,2.99,0.21
2023-08-09,5.6849,30.0,71.83,2.98,2.38
2023-08-10,4.3102,29.62,73.72,2.87,7.97
2023-08-11,4.1707,29.61,72.25,2.41,7.84
2023-08-12,5.3681,30.08,72.1,3.22,7.11
2023-08-13,4.9608,29.8,73.46,2.63,11.98
2023-08-14,5.2577,29.1,78.19,2.43,23.59
2023-08-15,5.8994,28.94,77.09,2.93,10.31
2023-08-16,6.3485,29.24,76.21,3.13,7.46
2023-08-17,5.7211,28.76,80.85,3.3,23.85
2023-08-18,4.4434,29.81,73.07,3.1,2.91
2023-08-19,4.969,29.82,70.72,2.59,5.86
2023-08-20,5.8927,29.92,71.66,2.95,1.54
2023-08-21,5.9386,29.73,74.99,3.12,3.55
2023-08-22,5.7862,29.22,78.93,3.19,10.89
2023-08-23,5.8536,28.65,81.11,3.19,16.42
2023-08-24,5.9038,27.85,84.03,2.35,20.33
2023-08-25,5.555,28.26,82.66,2.65,1.48
2023-08-26,5.5658,28.51,81.71,3.17,5.42
2023-08-27,4.3846,28.78,79.99,2.34,16.61
2023-08-28,5.9794,28.63,79.26,3.83,4.07
2023-08-29,5.3707,28.29,81.77,3.14,10.59
2023-08-30,5.5838,28.74,79.96,2.92,5.64
2023-08-31,5.8968,28.18,84.84,2.83,3.02
2023-09-01,6.0547,28.75,80.74,4.07,2.24
2023-09-02,6.1553,28.18,84.27,3.71,5.46
2023-09-03,4.4791,27.46,83.87,2.96,32.16
2023-09-04,2.8116,27.68,79.72,3.95,2.04
2023-09-05,1.4695,28.08,75.87,4.76,2.52
2023-09-06,4.121,28.21,80.55,4.49,4.57
2023-09-07,5.9933,28.23,79.55,4.82,19.19
2023-09-08,5.9652,28.23,77.26,4.64,1.06
2023-09-09,6.3607,27.93,78.56,4.1,0.3
2023-09-10,3.2834,26.91,84.83,3.61,0.66
2023-09-11,3.3269,28.06,78.55,3.21,0.55
2023-09-12,4.0138,28.81,76.71,2.96,1.8
2023-09-13,5.196,28.81,77.87,2.84,8.37
2023-09-14,4.7546,28.94,77.34,3.96,4.99
2023-09-15,5.9978,28.48,77.47,4.49,4.02
2023-09-16,5.5646,27.63,82.93,4.42,27.6
2023-09-17,5.2457,28.13,82.79,3.42,7.4
2023-09-18,5.5378,28.22,82.13,3.53,6.86
2023-09-19,5.4475,27.92,82.96,3.76,4.7
2023-09-20,5.2973,27.75,82.64,3.02,3.42
2023-09-21,3.2071,27.15,84.23,3.43,4.08
2023-09-22,5.5757,28.22,82.57,3.54,0.91
2023-09-23,5.8615,28.61,84.47,3.93,4.18
2023-09-24,6.4217,28.3,84.45,3.54,13.01
2023-09-25,6.3504,26.79,88.59,3.35,16.03
2023-09-26,5.2956,27.58,85.21,3.64,10.41
2023-09-27,6.1267,27.77,82.77,3.22,4.95
2023-09-28,6.0266,28.02,82.37,3.07,12.18
2023-09-29,5.9573,27.59,85.03,4.45,9.79
2023-09-30,5.3494,27.72,80.61,3.91,8.53
2023-10-01,5.7578,27.44,82.99,4.73,1.19
2023-10-02,5.681,27.53,82.8,5.1,0.69
2023-10-03,5.6525,28.57,78.69,4.02,0.64
2023-10-04,4.5878,28.87,80.29,3.02,5.0
2023-10-05,5.1871,28.96,80.17,2.34,3.78
2023-10-06,5.3806,28.36,82.18,2.35,2.56
2023-10-07,5.419,28.68,82.33,2.22,1.1
2023-10-08,5.0974,28.23,85.94,3.08,0.63
2023-10-09,5.388,28.05,85.96,2.71,0.4
2023-10-10,5.5289,28.03,86.32,2.4,2.95
2023-10-11,5.7295,28.04,82.89,2.2,2.44
2023-10-12,5.8193,27.62,80.09,2.63,0.04
2023-10-13,4.242,27.16,79.15,2.48,0.7
2023-10-14,3.858,27.58,81.34,2.25,3.96
2023-10-15,4.7794,27.34,83.92,2.03,0.86
2023-10-16,4.9558,27.73,82.46,2.61,0.7
2023-10-17,5.707,27.83,79.77,3.29,0.24
2023-10-18,5.4706,27.73,75.35,3.4,0.01
2023-10-19,4.8341,27.62,77.26,3.05,0.0
2023-10-20,5.3736,27.65,78.06,2.76,0.26
2023-10-21,4.5826,27.74,81.5,4.06,7.89
2023-10-22,5.4259,27.78,79.91,3.98,0.46
2023-10-23,5.3882,27.41,68.17,3.11,0.01
2023-10-24,5.6023,27.22,69.26,2.18,0.0
2023-10-25,5.539,27.61,71.58,2.51,0.01
2023-10-26,4.6416,27.34,76.89,2.84,0.01
2023-10-27,4.6598,27.55,78.88,3.08,0.03
2023-10-28,5.2495,27.89,78.68,2.56,1.34
2023-10-29,4.7462,27.43,83.19,2.79,7.24
2023-10-30,2.5142,26.63,85.25,2.84,8.84
2023-10-31,3.828,27.41,80.58,4.28,1.3
2023-11-01,3.8254,27.75,83.84,4.78,5.87
2023-11-02,4.3001,27.78,82.65,3.41,5.84
2023-11-03,3.6408,26.99,88.05,2.43,18.86
2023-11-04,2.4216,26.95,86.19,3.05,24.68
2023-11-05,5.0275,26.7,85.35,1.78,9.19
2023-11-06,3.7829,27.14,83.1,1.9,8.74
2023-11-07,3.5186,26.96,85.91,3.03,4.44
2023-11-08,4.2682,26.76,86.15,2.75,5.75
2023-11-09,2.9784,26.59,87.36,2.72,12.07
2023-11-10,4.5874,27.06,83.34,4.02,1.73
2023-11-11,5.0292,26.6,78.08,4.46,0.01
2023-11-12,4.3646,26.87,75.52,4.83,0.03
2023-11-13,3.589,27.06,81.36,5.47,5.77
2023-11-14,1.1546,26.14,88.39,5.38,40.48
2023-11-15,1.1278,26.13,90.77,5.64,10.98
2023-11-16,3.6223,26.8,84.68,4.61,3.49
2023-11-17,4.8859,26.74,85.04,4.28,0.9
2023-11-18,4.8994,27.01,84.42,5.13,0.76
2023-11-19,4.8792,27.0,84.85,5.13,0.38
2023-11-20,2.0621,26.57,90.63,5.46,18.5
2023-11-21,0.5832,27.01,86.09,3.6,14.95
2023-11-22,3.1157,26.8,85.57,2.9,11.15
2023-11-23,3.2417,26.93,86.25,1.8,11.14
2023-11-24,3.9888,26.66,89.94,3.52,14.33
2023-11-25,4.0874,26.91,86.08,4.77,11.86
2023-11-26,3.9211,26.71,85.85,5.02,7.68
2023-11-27,3.7061,26.82,86.53,3.99,18.5
2023-11-28,4.4525,26.89,85.59,4.33,14.1
2023-11-29,2.1134,26.36,87.08,3.8,45.11
2023-11-30,1.7549,26.02,88.69,3.75,19.95
2023-12-01,4.2401,26.32,86.66,5.04,13.28
2023-12-02,2.6357,26.38,88.14,6.97,35.1
2023-12-03,1.6075,26.28,90.4,8.93,50.09
2023-12-04,0.6396,24.8,89.68,14.75,187.88
2023-12-05,2.6345,25.84,86.3,5.96,2.58
2023-12-06,4.2377,27.07,87.78,2.22,1.83
2023-12-07,3.8059,27.07,87.08,2.14,1.35
2023-12-08,3.3583,26.38,89.08,3.92,0.69
2023-12-09,4.4609,26.1,86.13,4.65,0.34
2023-12-10,3.9247,25.51,84.14,4.44,0.07
2023-12-11,3.8285,25.1,84.5,4.22,0.08
2023-12-12,4.2199,24.49,81.09,4.08,0.12
2023-12-13,4.2034,24.29,77.51,4.57,0.02
2023-12-14,4.1326,24.53,80.25,5.24,0.03
2023-12-15,1.2564,25.18,88.2,5.7,7.0
2023-12-16,3.5503,25.99,86.69,5.83,1.85
2023-12-17,3.8201,25.5,83.44,5.47,0.13
2023-12-18,4.2168,25.15,81.4,5.69,0.04
2023-12-19,4.6723,24.75,81.44,5.58,0.01
2023-12-20,4.265,24.69,82.83,5.31,0.01
2023-12-21,3.3569,24.69,83.89,4.66,0.02
2023-12-22,4.4472,24.23,80.25,3.69,0.0
2023-12-23,3.8522,23.75,77.38,3.47,0.0
2023-12-24,3.5256,24.62,84.37,5.4,0.01
2023-12-25,4.5146,25.17,85.29,5.39,0.02
2023-12-26,5.0275,24.53,82.05,4.65,0.0
2023-12-27,5.1082,24.45,80.46,5.21,0.02
2023-12-28,4.8511,25.1,84.87,5.2,0.15
2023-12-29,4.0476,25.2,84.25,5.25,0.21
2023-12-30,4.9829,24.34,80.46,4.36,0.01
2023-12-31,4.8288,24.46,77.83,3.85,0.01
2024-01-01,4.6512,24.34,77.47,3.59,0.23
2024-01-02,3.9314,24.28,77.42,3.94,0.04
2024-01-03,3.6079,24.57,81.63,4.18,1.01
2024-01-04,2.6138,25.06,80.49,3.94,2.55
2024-01-05,3.8227,25.03,80.22,4.33,1.07
2024-01-06,3.348,25.18,81.29,5.05,2.85
2024-01-07,2.1694,24.68,87.52,6.51,40.16
2024-01-08,1.7909,25.39,83.75,5.71,8.1
2024-01-09,4.2118,25.29,80.62,5.4,0.68
2024-01-10,4.5374,24.91,79.34,4.51,0.02
2024-01-11,4.8442,24.61,80.75,4.51,0.0
2024-01-12,4.5238,25.09,81.21,4.18,0.0
2024-01-13,3.7966,24.89,83.2,3.68,0.0
2024-01-14,4.4748,24.31,83.35,3.16,0.0
2024-01-15,4.8821,24.4,80.62,2.75,0.0
2024-01-16,5.1542,23.97,75.78,2.88,0.0
2024-01-17,5.7485,24.11,74.92,2.21,0.0
2024-01-18,5.4931,24.49,76.36,2.35,0.0
2024-01-19,4.9553,25.01,81.61,3.06,0.01
2024-01-20,5.4929,24.89,81.47,3.74,0.0
2024-01-21,5.5097,24.68,78.16,2.82,0.0
2024-01-22,5.3657,24.93,78.55,2.76,0.0
2024-01-23,5.303,24.96,79.42,3.12,0.0
2024-01-24,5.2457,25.06,77.54,3.09,0.0
2024-01-25,5.2553,25.07,76.96,3.06,0.0
2024-01-26,4.549,24.64,79.5,3.73,0.02
2024-01-27,5.0623,24.82,82.07,4.4,0.05
2024-01-28,4.1525,24.73,80.17,4.43,0.0
2024-01-29,5.4274,24.16,75.11,4.52,0.0
2024-01-30,5.5166,24.13,80.26,3.29,0.0
2024-01-31,5.3822,25.19,78.98,2.81,0.0
2024-02-01,5.1895,26.1,80.4,2.3,0.02
2024-02-02,5.4235,26.56,79.65,2.86,0.02
2024-02-03,5.2013,26.23,77.72,3.21,0.0
2024-02-04,5.4499,25.56,76.29,3.25,0.0
2024-02-05,5.3635,25.42,77.48,3.34,0.0
2024-02-06,5.4413,25.28,77.52,2.96,0.0
2024-02-07,5.8879,25.35,75.18,2.58,0.0
2024-02-08,5.4737,25.48,77.01,2.52,0.0
2024-02-09,5.4874,25.84,78.03,2.58,0.0
2024-02-10,5.3578,26.17,78.56,4.01,0.0
2024-02-11,5.7977,25.8,75.23,4.4,0.0
2024-02-12,5.567,25.5,73.01,4.33,0.0
2024-02-13,5.6431,26.01,78.03,4.21,0.0
2024-02-14,5.9551,26.1,74.59,4.29,0.0
2024-02-15,5.5519,25.65,73.76,4.21,0.0
2024-02-16,6.0394,25.85,74.93,4.64,0.0
2024-02-17,5.8577,25.81,74.64,4.19,0.0
2024-02-18,6.1987,25.97,71.31,2.96,0.0
2024-02-19,5.9496,26.67,70.53,3.11,0.0
2024-02-20,5.7682,26.95,68.57,2.78,0.0
2024-02-21,5.3899,26.98,70.2,3.45,0.0
2024-02-22,5.6376,27.77,72.86,4.33,0.0
2024-02-23,5.2942,28.41,76.63,4.65,0.01
2024-02-24,5.6904,28.0,75.11,4.05,0.0
2024-02-25,5.8644,27.35,74.06,3.73,0.0
2024-02-26,5.97,27.31,72.45,4.9,0.0
2024-02-27,6.2393,27.15,72.99,4.66,0.0
2024-02-28,6.3362,26.59,70.5,3.88,0.0
2024-02-29,5.9774,27.01,68.36,3.02,0.0
2024-03-01,6.1402,27.48,67.99,3.14,0.0
2024-03-02,5.6287,27.65,65.42,2.73,0.0
2024-03-03,6.3432,27.46,66.14,3.19,0.0
2024-03-04,6.0223,27.14,66.98,3.2,0.0
2024-03-05,5.9621,27.56,66.59,2.84,0.0
2024-03-06,5.5927,27.74,66.87,2.87,0.0
2024-03-07,6.0881,27.87,65.88,3.49,0.0
2024-03-08,6.0298,27.96,67.66,4.34,0.0
2024-03-09,6.0065,28.49,67.63,3.93,0.0
2024-03-10,6.0818,28.55,67.62,3.64,0.0
2024-03-11,5.791,28.76,68.19,3.6,0.01
2024-03-12,6.0538,28.95,66.64,3.52,0.0
2024-03-13,5.9412,29.33,64.06,4.88,0.0
2024-03-14,5.9112,29.38,62.11,4.58,0.0
2024-03-15,6.036,28.98,65.0,4.22,0.0
2024-03-16,6.1274,29.0,69.5,4.43,0.0
2024-03-17,6.4174,29.02,65.29,3.87,0.0
2024-03-18,6.1483,29.04,63.23,3.55,0.0
2024-03-19,6.2748,29.06,62.8,3.88,0.0
2024-03-20,6.3194,28.56,67.19,4.22,0.0
2024-03-21,6.0902,29.23,66.99,4.52,0.02
2024-03-22,6.6038,29.56,64.87,3.69,0.0
2024-03-23,6.684,29.25,64.19,3.62,0.0
2024-03-24,6.5952,29.34,64.0,4.24,0.0
2024-03-25,6.4318,29.39,60.89,3.9,0.0
2024-03-26,6.785,29.14,55.98,4.01,0.0
2024-03-27,6.9722,29.3,53.68,3.64,0.0
2024-03-28,6.6161,30.12,56.08,3.2,0.0
2024-03-29,6.5506,30.39,61.32,4.23,0.0
2024-03-30,7.2036,30.17,57.79,4.02,0.0
2024-03-31,6.8434,30.04,61.77,3.68,0.0
2024-04-01,7.1095,30.65,64.24,3.46,0.0
2024-04-02,7.0373,30.71,63.11,3.64,0.0
2024-04-03,7.0596,30.49,66.31,4.81,0.0
2024-04-04,6.859,30.88,61.89,4.14,0.0
2024-04-05,6.7822,31.29,58.27,3.63,0.0
2024-04-06,6.331,31.85,57.48,4.29,0.0
2024-04-07,6.7332,31.75,58.15,4.31,0.0
2024-04-08,6.5414,30.84,65.34,4.9,0.0
2024-04-09,6.6401,30.85,63.48,4.26,0.0
2024-04-10,6.4754,30.95,63.93,3.71,0.0
2024-04-11,7.0133,31.41,60.35,3.63,0.03
2024-04-12,6.8143,31.39,61.52,4.42,0.05
2024-04-13,6.4764,31.33,59.2,3.56,0.06
2024-04-14,6.7231,31.25,59.78,3.59,0.04
2024-04-15,7.0385,31.41,58.94,3.19,0.0
2024-04-16,6.6106,31.61,59.97,4.01,0.0
2024-04-17,5.9244,32.22,60.26,5.19,0.0
2024-04-18,6.1284,32.5,63.08,5.38,0.0
2024-04-19,6.5784,32.59,64.21,5.58,0.0
2024-04-20,6.3914,32.29,65.69,4.89,0.01
2024-04-21,6.6792,32.18,65.82,4.16,0.01
2024-04-22,7.1558,32.05,64.6,4.2,0.0
2024-04-23,7.0027,31.95,60.03,4.22,0.0
2024-04-24,6.9036,32.32,59.06,3.98,0.0
2024-04-25,6.8124,32.51,58.56,3.49,0.0
2024-04-26,6.8215,32.34,57.77,4.14,0.0
2024-04-27,7.1767,32.01,56.99,3.52,0.0
2024-04-28,6.9142,32.16,57.51,3.78,0.0
2024-04-29,7.1813,32.14,59.37,3.65,0.0
2024-04-30,7.0555,32.17,59.07,4.73,0.0
2024-05-01,6.8851,33.78,61.59,5.69,0.01
2024-05-02,6.6012,33.83,62.58,6.17,0.01
2024-05-03,6.048,33.53,60.39,6.08,0.03
2024-05-04,6.0665,33.14,63.57,5.89,0.86
2024-05-05,6.2758,33.5,63.15,6.72,0.29
2024-05-06,6.3166,33.43,64.07,6.14,0.64
2024-05-07,6.2993,32.48,67.03,5.16,2.35
2024-05-08,3.9079,31.53,67.79,3.26,4.73
2024-05-09,6.1164,31.37,67.06,3.94,0.83
2024-05-10,6.815,31.75,65.08,4.3,0.98
2024-05-11,6.8098,31.72,66.29,4.25,0.31
2024-05-12,6.5928,31.54,65.15,3.72,0.41
2024-05-13,6.2938,31.32,65.51,3.27,0.64
2024-05-14,6.0576,31.12,65.17,2.73,0.59
2024-05-15,4.9944,31.48,63.61,3.42,0.4
2024-05-16,1.296,28.92,76.75,2.94,7.7
2024-05-17,4.3469,29.78,70.49,3.15,2.99
2024-05-18,6.6574,30.2,72.19,3.06,1.74
2024-05-19,6.3744,30.71,70.55,2.5,2.76
2024-05-20,5.6995,30.12,74.04,2.75,4.13
2024-05-21,4.6157,30.2,74.55,2.62,1.98
2024-05-22,6.073,30.97,70.72,2.95,0.73
2024-05-23,6.4138,31.09,71.27,2.75,0.34
2024-05-24,6.1128,31.75,67.1,3.78,0.03
2024-05-25,2.5901,31.53,64.34,4.92,1.18
2024-05-26,4.2674,33.33,56.5,3.69,0.05
2024-05-27,4.5782,34.14,54.07,4.19,0.01
2024-05-28,5.581,33.79,53.24,3.75,0.01
2024-05-29,5.3611,34.6,49.91,3.47,0.01
2024-05-30,6.2376,34.53,54.25,3.46,0.26
2024-05-31,6.203,34.06,58.58,4.0,0.29
2024-06-01,5.9722,33.33,65.18,3.02,6.81
2024-06-02,5.6275,29.65,74.94,3.04,12.36
2024-06-03,2.6659,29.58,73.79,2.61,1.7
2024-06-04,5.653,30.56,75.36,3.47,5.73
2024-06-05,5.0304,29.74,81.18,3.09,22.77
2024-06-06,4.4136,28.47,85.94,3.46,13.65
2024-06-07,4.0884,28.78,77.28,4.17,11.92
2024-06-08,4.7734,30.3,72.86,5.45,4.97
2024-06-09,4.9334,29.9,73.69,5.17,2.93
2024-06-10,6.114,30.54,66.07,5.85,1.81
2024-06-11,4.7486,29.07,66.51,4.81,4.55
2024-06-12,3.0571,28.93,69.65,4.82,6.39
2024-06-13,5.5495,30.14,65.37,4.03,1.3
2024-06-14,5.6914,29.67,61.42,4.83,0.07
2024-06-15,3.0799,30.09,62.99,3.62,0.96
2024-06-16,6.1339,30.79,68.94,3.45,6.97
2024-06-17,6.3166,29.86,72.78,3.18,13.08
2024-06-18,5.2128,29.65,73.75,3.79,36.01
2024-06-19,5.7593,28.99,75.37,3.33,5.54
2024-06-20,5.8538,29.83,72.24,4.0,2.52
2024-06-21,5.899,29.72,69.58,5.59,4.92
2024-06-22,5.1559,30.01,68.53,4.97,3.38
2024-06-23,6.4406,29.25,74.27,4.37,2.96
2024-06-24,5.6304,29.67,72.8,4.7,1.01
2024-06-25,5.969,29.23,67.57,5.92,0.63
2024-06-26,2.8013,28.91,65.4,6.31,0.66
2024-06-27,2.6458,28.09,67.12,4.6,0.07
2024-06-28,5.4259,29.3,63.67,4.25,0.0
2024-06-29,4.7441,29.76,64.76,4.65,0.04
2024-06-30,1.8684,29.05,73.1,5.0,17.07
2024-07-01,3.1111,29.29,72.12,5.46,2.41
2024-07-02,5.9918,30.42,64.9,4.52,0.89
2024-07-03,5.7871,29.93,72.07,3.63,19.5
2024-07-04,4.1693,30.04,73.88,3.39,2.61
2024-07-05,5.6026,29.45,75.22,3.31,22.96
2024-07-06,3.0943,28.28,76.22,4.32,9.82
2024-07-07,4.9855,28.85,74.79,3.2,11.48
2024-07-08,4.788,29.3,73.46,3.43,2.77
2024-07-09,4.4225,28.35,77.08,3.7,3.48
2024-07-10,6.1382,28.81,76.83,3.95,4.31
2024-07-11,2.8543,28.65,75.74,3.97,17.07
2024-07-12,6.2928,28.79,76.31,3.89,29.31
2024-07-13,3.1337,28.81,73.49,3.58,8.48
2024-07-14,2.1631,28.79,74.02,5.83,7.89
2024-07-15,2.7516,27.74,80.34,5.56,5.31
2024-07-16,3.8328,28.61,78.81,6.31,1.88
2024-07-17,4.0046,28.87,73.91,6.35,1.21
2024-07-18,2.7134,28.36,76.66,6.32,4.56
2024-07-19,3.2107,28.4,74.5,6.68,0.46
2024-07-20,3.4639,29.03,74.0,5.52,0.36
2024-07-21,4.0058,29.88,71.0,5.82,0.18
2024-07-22,3.7819,29.76,70.01,5.65,0.02
2024-07-23,5.4528,29.69,67.65,5.56,0.66
2024-07-24,4.9025,29.28,69.45,5.4,0.27
2024-07-25,5.1185,29.53,69.27,5.99,0.05
2024-07-26,3.7944,29.73,67.69,6.3,0.47
2024-07-27,4.2907,30.47,63.94,6.71,0.02
2024-07-28,4.704,30.16,65.5,5.84,0.01
2024-07-29,4.746,30.07,69.7,5.12,1.08
2024-07-30,5.1276,29.47,72.67,4.71,3.44
2024-07-31,5.6263,29.7,72.79,3.7,0.93
2024-08-01,3.9869,30.32,71.42,3.21,1.33
2024-08-02,3.2453,29.87,69.3,4.4,3.04
2024-08-03,6.0499,29.53,71.76,3.06,4.58
2024-08-04,6.467,28.79,77.17,3.19,14.82
2024-08-05,3.0377,28.59,77.07,3.16,15.59
2024-08-06,5.1504,27.85,83.47,2.78,25.91
2024-08-07,2.6918,27.62,83.01,2.44,9.33
2024-08-08,5.7113,28.45,80.87,3.01,12.35
2024-08-09,6.0199,28.82,79.72,3.1,10.74
2024-08-10,4.9229,28.92,81.53,2.69,11.65
2024-08-11,6.2916,29.06,81.33,2.11,19.28
2024-08-12,5.8867,29.06,83.85,2.58,16.13
2024-08-13,6.2455,29.07,82.64,2.43,0.35
2024-08-14,6.5628,28.85,83.68,2.91,0.63
2024-08-15,5.9522,28.86,82.27,2.95,0.6
2024-08-16,5.6777,28.96,83.2,3.91,0.24
2024-08-17,6.0187,28.64,86.35,2.28,0.94
2024-08-18,6.6185,28.71,85.42,2.27,1.34
2024-08-19,5.281,28.92,84.86,3.9,0.21
2024-08-20,5.3573,28.62,85.41,4.06,1.12
2024-08-21,6.2537,28.59,81.24,6.79,0.49
2024-08-22,5.3849,28.01,81.11,5.23,0.04
2024-08-23,5.8286,28.69,79.15,4.79,0.03
2024-08-24,4.8029,28.62,79.36,4.97,0.06
2024-08-25,6.1042,28.7,77.48,4.69,0.05
2024-08-26,5.5286,28.92,77.31,5.02,0.05
2024-08-27,3.9355,28.65,76.36,3.11,2.37
2024-08-28,1.885,28.09,78.39,2.67,1.33
2024-08-29,2.5296,28.07,79.48,3.73,1.95
2024-08-30,2.0376,27.91,83.13,3.82,12.54
2024-08-31,2.515,27.7,76.29,5.66,4.11
2024-09-01,4.8106,28.48,73.65,5.18,0.87
2024-09-02,5.5063,28.42,77.05,3.93,8.19
2024-09-03,3.6943,28.64,77.75,2.49,5.58
2024-09-04,2.8469,28.76,80.19,3.44,1.23
2024-09-05,4.4496,28.51,79.38,3.54,3.24
2024-09-06,3.2398,28.21,81.4,3.75,3.45
2024-09-07,3.0461,28.29,79.81,3.76,0.82
2024-09-08,2.6882,28.71,76.4,4.13,0.16
2024-09-09,3.079,28.52,77.46,4.34,0.95
2024-09-10,5.8522,28.91,77.27,4.8,0.04
2024-09-11,5.6136,28.77,75.81,3.97,0.04
2024-09-12,6.281,29.1,73.28,3.2,0.01
2024-09-13,5.9501,29.73,70.78,2.34,0.01
2024-09-14,5.9026,29.85,69.48,2.74,0.02
2024-09-15,6.1711,29.8,68.51,3.59,0.01
2024-09-16,6.0499,29.93,67.6,4.13,0.01
2024-09-17,6.1133,30.24,67.92,3.57,0.14
2024-09-18,5.3297,29.75,73.11,3.46,4.48
2024-09-19,3.3218,29.73,72.38,2.88,0.56
2024-09-20,5.717,29.08,75.14,2.91,1.55
2024-09-21,2.73,29.75,67.62,1.63,5.32
2024-09-22,3.281,30.01,70.61,3.4,2.59
2024-09-23,4.3932,29.2,76.86,2.6,6.34
2024-09-24,3.9115,28.53,82.71,3.16,19.09
2024-09-25,4.6418,28.14,83.51,2.81,23.58
2024-09-26,3.0283,28.53,79.77,2.58,4.18
2024-09-27,4.3978,28.28,77.9,2.56,2.41
2024-09-28,5.8906,27.94,81.87,2.21,3.84
2024-09-29,6.2026,27.97,82.37,3.0,0.39
2024-09-30,6.439,28.39,79.7,2.72,0.21
2024-10-01,6.2302,28.73,78.62,3.34,0.1
2024-10-02,6.1644,29.5,78.02,4.21,1.93
2024-10-03,5.2366,29.42,78.79,2.8,7.28
2024-10-04,5.3904,28.44,80.7,2.3,4.02
2024-10-05,5.1113,28.44,80.84,2.48,4.03
2024-10-06,5.1665,28.09,80.09,1.34,1.16
2024-10-07,5.0786,27.83,79.74,1.85,2.79
2024-10-08,6.2402,27.76,81.35,2.07,5.44
2024-10-09,5.7907,27.84,81.8,2.22,7.55
2024-10-10,3.7231,27.75,81.75,1.95,7.17
2024-10-11,5.857,27.86,82.75,2.57,8.53
2024-10-12,5.0626,27.59,85.6,2.42,6.25
2024-10-13,5.0594,27.87,83.74,2.64,5.78
2024-10-14,2.1658,27.1,87.72,4.11,43.95
2024-10-15,1.5209,26.88,86.71,3.09,69.18
2024-10-16,1.8149,27.02,86.95,2.58,42.95
2024-10-17,5.2577,27.72,83.82,3.92,6.4
2024-10-18,5.3825,28.16,78.81,2.45,11.4
2024-10-19,5.1936,27.44,82.57,1.57,15.22
2024-10-20,5.4456,27.53,84.62,1.64,4.84
2024-10-21,5.7674,28.06,82.52,1.98,2.64
2024-10-22,5.8114,28.03,81.95,1.53,1.8
2024-10-23,5.1857,28.3,78.7,1.93,1.17
2024-10-24,3.5436,28.32,77.11,1.61,0.63
2024-10-25,4.2655,28.77,72.84,2.42,0.45
2024-10-26,5.0575,28.25,71.29,2.97,0.0
2024-10-27,5.01,28.56,71.41,2.14,0.05
2024-10-28,4.9608,29.05,73.78,1.72,0.21
2024-10-29,4.5355,28.46,76.59,2.21,2.6
2024-10-30,3.6348,27.49,84.93,2.55,16.49
2024-10-31,4.4798,27.54,83.35,1.95,8.62
2024-11-01,4.7578,27.25,84.74,1.97,4.86
2024-11-02,5.0354,27.24,83.48,2.58,6.99
2024-11-03,5.5123,26.85,84.75,2.83,4.73
2024-11-04,5.3966,27.39,78.66,3.31,0.1
2024-11-05,5.3602,27.14,77.86,4.01,0.34
2024-11-06,2.7269,26.88,85.08,5.31,9.46
2024-11-07,4.3939,27.46,85.02,5.13,12.07
2024-11-08,5.3076,27.45,81.44,4.78,1.3
2024-11-09,4.895,27.15,79.39,4.87,0.71
2024-11-10,5.2474,26.97,78.44,5.25,0.21
2024-11-11,3.0122,26.71,79.57,5.74,4.45
2024-11-12,0.5179,26.0,89.56,4.19,32.81
2024-11-13,2.9998,26.86,88.95,4.12,21.94
2024-11-14,4.7004,27.15,86.77,3.4,19.89
2024-11-15,4.5298,26.95,87.81,3.51,14.61
2024-11-16,3.7601,26.97,88.54,4.31,22.68
2024-11-17,4.5106,26.65,83.19,4.96,2.12
2024-11-18,4.6531,26.46,81.52,5.11,0.03
2024-11-19,4.6075,25.89,81.47,5.3,0.02
2024-11-20,4.5998,25.33,80.88,4.58,0.01
2024-11-21,4.6315,25.17,80.14,4.73,0.01
2024-11-22,4.667,24.83,82.32,4.91,0.07
2024-11-23,3.9847,25.76,85.16,4.64,1.37
2024-11-24,3.972,25.78,83.61,4.88,0.5
2024-11-25,2.7487,25.47,84.26,5.82,2.11
2024-11-26,0.8484,26.02,91.71,6.3,41.96
2024-11-27,2.1175,25.47,86.7,8.31,2.84
2024-11-28,1.8048,24.85,90.87,8.62,33.16
2024-11-29,1.4254,26.41,92.11,8.33,13.71
2024-11-30,0.5986,26.57,93.29,13.02,128.29
2024-12-01,2.4487,26.63,92.89,9.83,26.52
2024-12-02,2.7871,26.87,90.96,6.94,15.65
2024-12-03,4.391,26.69,87.36,3.94,3.13
2024-12-04,4.0699,26.47,89.4,2.93,9.92
2024-12-05,4.8686,26.63,86.05,2.16,3.32
2024-12-06,5.0678,26.1,87.42,2.17,1.01
2024-12-07,5.1588,26.4,82.96,2.45,0.12
2024-12-08,4.717,26.13,82.18,2.47,0.03
2024-12-09,4.3351,26.38,83.05,2.83,0.11
2024-12-10,3.5899,26.37,83.97,4.9,0.17
2024-12-11,1.6128,25.99,87.97,5.79,20.16
2024-12-12,1.2809,26.07,90.69,5.6,79.36
2024-12-13,3.5532,25.43,84.59,5.15,1.73
2024-12-14,4.3793,24.6,82.29,5.05,0.64
2024-12-15,4.4009,24.02,79.73,5.35,0.26
2024-12-16,4.8398,23.5,80.4,5.37,4.15
2024-12-17,1.8137,22.36,86.65,7.1,3.95
2024-12-18,1.391,24.25,90.2,5.69,9.15
2024-12-19,2.5253,25.7,90.44,4.62,4.99
2024-12-20,2.2351,26.26,88.48,4.12,1.4
2024-12-21,4.1638,26.19,89.27,4.3,0.26
2024-12-22,4.5161,25.17,88.55,4.76,0.08
2024-12-23,4.5209,24.85,88.42,5.75,0.4
2024-12-24,1.68,24.96,90.49,6.38,4.83
2024-12-25,1.6241,25.17,89.41,4.67,7.4
2024-12-26,3.7586,25.94,89.08,4.96,11.98
2024-12-27,4.9354,25.67,84.66,5.32,12.62
2024-12-28,4.9291,25.21,82.48,4.2,0.23
2024-12-29,3.9643,25.14,85.57,5.29,1.31
2024-12-30,4.3704,25.49,85.18,5.34,1.47
2024-12-31,4.4388,25.13,83.91,4.97,0.0
2025-01-01,4.4009,24.48,83.31,4.32,0.0
2025-01-02,4.3718,24.06,82.63,4.01,0.03
2025-01-03,4.7292,23.63,79.01,4.18,0.01
2025-01-04,4.9505,23.48,77.78,3.36,0.02
2025-01-05,4.5019,23.74,76.19,2.79,0.0
2025-01-06,4.7702,24.22,71.06,2.67,0.0
2025-01-07,4.9651,23.66,76.78,3.41,0.0
2025-01-08,4.9032,23.06,76.7,4.11,0.0
2025-01-09,4.2156,23.51,78.76,4.59,0.05
2025-01-10,2.4866,24.06,82.27,5.18,0.13
2025-01-11,4.175,24.16,80.1,5.0,0.04
2025-01-12,2.1905,24.71,85.27,5.0,1.95
2025-01-13,2.3232,25.21,87.43,5.4,4.08
2025-01-14,5.0347,24.6,82.34,4.99,0.23
2025-01-15,4.548,24.69,80.15,5.49,0.07
2025-01-16,4.1642,24.39,79.37,4.81,0.16
2025-01-17,4.0922,23.77,80.39,5.03,0.36
2025-01-18,2.9419,24.12,83.58,5.83,14.07
2025-01-19,3.9511,24.59,87.98,5.88,23.57
2025-01-20,4.7942,23.63,82.93,4.44,0.04
2025-01-21,5.112,23.35,81.76,3.71,0.04
2025-01-22,4.7136,24.12,81.12,3.83,0.01
2025-01-23,5.4192,23.91,78.92,3.24,0.02
2025-01-24,5.1756,23.29,79.83,3.37,0.03
2025-01-25,5.5567,22.94,79.53,3.9,0.01
2025-01-26,5.4276,23.26,81.58,3.28,0.0
2025-01-27,5.2538,23.78,78.0,2.83,0.0
2025-01-28,5.2541,23.85,75.23,2.56,0.0
2025-01-29,5.6153,23.36,77.17,3.84,0.0
2025-01-30,5.6318,23.99,81.55,2.78,0.0
2025-01-31,5.6916,25.19,85.87,2.56,0.08
2025-02-01,5.8394,25.22,81.17,2.41,0.03
2025-02-02,6.2172,24.56,77.3,1.88,0.02
2025-02-03,6.223,24.12,72.48,1.55,0.0
2025-02-04,5.7024,24.82,66.46,1.69,0.0
2025-02-05,5.3861,25.27,68.85,2.09,0.0
2025-02-06,5.413,25.14,78.54,2.26,0.0
2025-02-07,5.3047,24.88,76.16,1.88,0.0
2025-02-08,4.9771,24.93,77.13,2.22,0.0
2025-02-09,4.9327,24.97,80.02,2.67,0.0
2025-02-10,5.2862,25.01,78.3,2.89,0.0
2025-02-11,6.269,24.45,74.09,1.97,0.0
2025-02-12,6.4217,24.47,73.4,1.79,0.0
2025-02-13,6.1742,24.19,72.31,2.0,0.0
2025-02-14,6.132,24.12,74.71,2.25,0.0
2025-02-15,5.8238,24.57,76.41,2.51,0.0
2025-02-16,5.8994,25.13,76.24,2.51,0.0
2025-02-17,5.5159,25.52,77.4,2.6,0.0
2025-02-18,5.3134,25.2,76.6,2.32,0.0
2025-02-19,5.8392,25.32,75.61,2.58,0.0
2025-02-20,5.9465,25.53,76.83,2.78,0.0
2025-02-21,5.6669,25.9,76.47,2.6,0.0
2025-02-22,5.7334,26.4,72.18,2.31,0.0
2025-02-23,6.0907,26.22,70.42,2.71,0.0
2025-02-24,5.881,26.29,73.72,3.41,0.0
2025-02-25,5.701,26.53,75.32,4.74,0.0
2025-02-26,5.7127,26.63,74.61,5.32,0.0
2025-02-27,6.1152,26.25,72.07,4.74,0.0
2025-02-28,5.7835,26.3,71.62,4.29,0.05
2025-03-01,6.1298,27.19,75.13,3.91,1.14
2025-03-02,6.3228,27.15,75.12,2.44,0.04
2025-03-03,6.5846,27.41,70.23,2.41,0.0
2025-03-04,5.8272,27.25,69.77,2.9,0.0
2025-03-05,5.6071,27.57,65.97,2.51,0.0
2025-03-06,6.2143,27.61,64.66,3.48,0.0
2025-03-07,6.787,26.27,64.28,2.65,0.0
2025-03-08,6.498,26.24,69.98,2.97,0.0
2025-03-09,6.3979,26.26,70.88,3.3,0.0
2025-03-10,6.6739,27.18,71.13,4.18,0.07
2025-03-11,4.5631,27.26,80.24,4.86,10.2
2025-03-12,6.2167,28.2,78.25,2.82,2.97
2025-03-13,6.7841,28.51,71.74,2.25,0.01
2025-03-14,6.7589,27.85,74.28,3.35,0.0
2025-03-15,7.2502,27.73,72.15,3.4,0.0
2025-03-16,7.2763,28.22,72.86,2.57,0.0
2025-03-17,7.021,28.36,76.39,3.11,0.0
2025-03-18,6.8635,28.32,77.5,3.41,0.01
2025-03-19,7.0541,28.47,75.0,4.09,0.01
2025-03-20,7.1431,28.77,70.4,3.86,0.01
2025-03-21,6.9233,28.85,71.53,3.86,0.0
2025-03-22,6.0422,28.98,74.4,4.09,0.02
2025-03-23,6.1949,29.2,71.74,3.81,0.02
2025-03-24,6.2352,29.0,67.7,3.07,0.0
2025-03-25,6.5518,28.84,65.61,2.61,0.02
2025-03-26,6.7094,29.08,65.6,3.36,0.01
2025-03-27,6.732,29.74,60.12,2.98,0.02
2025-03-28,6.2705,29.82,61.56,3.88,0.0
2025-03-29,6.4663,29.61,61.22,3.75,0.0
2025-03-30,6.077,28.82,66.86,4.11,0.0
2025-03-31,6.2194,28.65,67.54,3.98,0.0
2025-04-01,6.547,27.75,66.18,3.43,0.01
2025-04-02,6.6972,29.07,65.6,3.65,1.78
2025-04-03,4.6078,29.33,67.5,3.65,4.87
2025-04-04,6.4306,29.5,62.76,3.38,0.32
2025-04-05,6.5522,29.77,66.74,2.88,1.57
2025-04-06,5.7672,30.37,64.81,3.1,0.07
2025-04-07,6.4673,29.96,67.5,2.97,0.04
2025-04-08,6.6917,29.82,67.23,3.12,0.04
2025-04-09,6.762,29.92,68.98,4.08,0.12
2025-04-10,6.5674,31.1,62.73,2.91,0.32
2025-04-11,5.9143,31.72,63.85,3.74,2.77
2025-04-12,6.0929,32.04,59.71,3.8,0.69
2025-04-13,6.0509,31.72,61.11,3.03,2.15
2025-04-14,6.3562,30.94,62.42,3.12,0.53
2025-04-15,6.2405,30.04,67.09,3.92,1.65
2025-04-16,4.0642,29.82,70.27,3.95,8.33
2025-04-17,6.3538,29.97,70.63,3.82,2.91
2025-04-18,6.3182,30.46,70.69,4.42,0.45
2025-04-19,6.1841,30.85,71.11,3.83,2.5
2025-04-20,6.2892,30.83,72.42,4.16,3.16
2025-04-21,6.3494,29.78,75.62,2.95,0.46
2025-04-22,6.4637,30.65,67.73,3.75,0.0
2025-04-23,6.9274,30.66,65.8,4.08,0.0
2025-04-24,6.9598,30.14,70.33,3.84,0.0
2025-04-25,6.8688,30.84,70.33,4.22,0.0
2025-04-26,6.7279,30.63,70.76,4.62,0.01
2025-04-27,7.1357,30.39,71.0,4.07,0.08
2025-04-28,6.4452,30.57,66.59,3.72,0.01
2025-04-29,6.8974,31.2,63.72,3.45,0.01
2025-04-30,6.8741,31.33,65.41,4.1,0.01
2025-05-01,6.4217,31.77,64.5,4.52,0.2
2025-05-02,6.5086,31.55,65.66,4.46,0.24
2025-05-03,6.5266,31.55,65.08,4.38,0.4
2025-05-04,6.4762,31.12,66.83,4.37,4.57
2025-05-05,5.814,29.86,73.2,3.67,2.52
2025-05-06,6.5393,29.83,75.56,4.02,3.14
2025-05-07,6.1968,29.7,74.4,3.04,5.05
2025-05-08,6.3857,30.18,71.49,3.5,2.69
2025-05-09,6.4949,29.94,72.56,2.21,3.37
2025-05-10,6.5028,30.55,70.2,3.33,0.39
2025-05-11,6.3456,30.16,72.71,3.11,0.51
2025-05-12,6.4279,31.39,66.17,2.8,0.22
2025-05-13,6.1474,31.78,63.41,3.3,0.09
2025-05-14,6.5213,31.35,66.91,2.31,0.39
2025-05-15,6.4855,32.0,67.21,2.46,0.48
2025-05-16,4.6373,30.27,61.58,2.54,1.55
2025-05-17,1.1206,30.96,59.45,3.07,7.68
2025-05-18,2.8416,30.09,72.24,2.64,8.05
2025-05-19,2.8994,30.07,73.72,2.48,8.72
2025-05-20,4.259,29.27,78.6,3.36,15.23
2025-05-21,4.1196,30.16,73.33,3.27,3.43
2025-05-22,5.1257,30.68,67.37,3.78,0.22
2025-05-23,6.4162,31.0,67.84,4.45,4.82
2025-05-24,5.5706,30.96,69.27,5.78,3.01
2025-05-25,3.0557,30.16,72.13,6.15,2.32
2025-05-26,2.7329,29.89,67.9,7.15,1.7
2025-05-27,2.8978,30.83,62.07,6.23,0.86
2025-05-28,3.043,30.66,63.14,5.99,1.02
2025-05-29,4.7544,30.54,65.21,5.47,0.66
2025-05-30,2.0522,29.59,69.36,4.88,12.93
2025-05-31,4.4546,29.68,62.37,4.36,0.1
2025-06-01,6.5242,30.9,59.46,4.34,0.03
2025-06-02,6.1126,31.43,60.29,4.01,0.53
2025-06-03,6.0478,31.52,60.9,4.22,3.77
2025-06-04,6.3742,30.88,61.03,3.52,1.65
2025-06-05,6.4205,31.08,64.34,3.36,1.14
2025-06-06,6.4339,30.97,64.91,3.54,0.75
2025-06-07,6.3389,31.24,68.52,3.16,1.99
2025-06-08,5.6722,31.21,68.14,3.51,1.5
2025-06-09,6.125,30.33,71.65,3.74,3.45
2025-06-10,4.8828,29.9,73.29,4.01,2.86
2025-06-11,3.3394,29.47,77.09,3.38,7.73
2025-06-12,5.1545,29.64,73.62,4.21,5.97
2025-06-13,6.2798,29.97,73.21,5.74,5.61
2025-06-14,5.5894,28.62,78.38,5.07,1.56
2025-06-15,4.5583,29.5,68.32,6.48,0.63
2025-06-16,3.9557,29.66,63.83,6.79,0.01
2025-06-17,5.9496,30.19,61.49,5.46,0.07
2025-06-18,5.5361,30.44,64.59,4.67,0.39
2025-06-19,4.5878,30.95,65.1,4.41,0.55
2025-06-20,6.4668,30.9,66.07,4.42,3.09
2025-06-21,4.8857,30.82,66.11,3.76,1.3
2025-06-22,2.1418,30.67,65.81,3.93,6.11
2025-06-23,2.7703,30.7,61.7,5.36,0.74
2025-06-24,3.6931,30.26,55.23,6.45,0.37
2025-06-25,2.6587,29.39,62.47,5.03,0.52
2025-06-26,4.1837,30.36,64.32,4.55,0.14
2025-06-27,6.2861,30.17,63.92,4.43,0.33
2025-06-28,6.036,30.08,66.73,3.76,1.9
2025-06-29,5.6712,31.2,62.96,4.11,0.16
2025-06-30,3.6228,30.53,62.4,3.89,1.05
2025-07-01,3.2419,30.28,64.75,3.18,1.32
2025-07-02,3.5995,30.32,64.51,3.68,5.91
2025-07-03,4.4064,28.86,72.86,3.48,2.22
2025-07-04,4.969,29.47,68.15,4.18,5.16
2025-07-05,5.807,29.61,70.36,3.91,5.34
2025-07-06,5.1588,30.35,65.13,4.82,3.78
2025-07-07,5.7173,30.24,64.13,4.51,3.6
2025-07-08,6.0682,30.44,65.35,3.96,4.12
2025-07-09,6.2818,30.61,64.97,3.15,2.83
2025-07-10,6.1003,30.23,67.09,3.44,4.06
2025-07-11,6.0754,30.44,71.09,3.26,5.78
2025-07-12,6.0946,30.44,69.26,3.77,5.52
2025-07-13,5.8985,30.44,68.5,3.79,2.74
2025-07-14,6.1582,30.19,67.41,3.42,5.39
2025-07-15,6.2578,29.98,69.21,3.51,6.21
2025-07-16,6.312,30.02,71.72,3.45,7.0
2025-07-17,5.9503,28.96,77.05,3.03,11.02
2025-07-18,3.6466,28.67,79.0,2.64,12.78
2025-07-19,4.5262,27.79,79.57,3.18,6.13
2025-07-20,2.2992,26.66,83.08,4.12,8.55
2025-07-21,1.8677,26.34,86.36,4.18,8.92
2025-07-22,2.3522,27.15,81.63,4.38,4.55
2025-07-23,1.8977,27.35,79.46,4.52,5.41
2025-07-24,3.2309,27.81,75.93,3.8,6.29
2025-07-25,1.7587,27.45,75.8,5.13,1.23
2025-07-26,3.996,28.59,68.87,5.5,2.4
2025-07-27,5.4149,29.19,65.55,4.95,0.02
2025-07-28,5.3575,30.03,61.79,4.22,0.18
2025-07-29,6.2986,30.34,61.15,4.41,2.57
2025-07-30,6.3478,30.51,61.68,3.63,3.61
