Year,Location,Capacity,Price_Before_Subsidy,Price_After_Subsidy,Efficiency(%),Panel_Type,Manufacturer,Estimated_Annual_Energy_kWh,CO2_Offset_kg,Historical_Price_Trend
2015,Maharashtra,5kW,310860,271220,20.46,Thin-Film,Vikram Solar,1534.5,1304.33,303569.52
2015,Telangana,3kW,196265,172046,15.41,Poly,Vikram Solar,693.45,589.43,191662.07
2015,Madhya Pradesh,3kW,234131,205700,19.56,Mono,Adani Solar,880.2,748.17,228640.02
2015,Telangana,5kW,369735,286594,16.49,Mono,Adani Solar,1236.75,1051.24,361063.75
2015,Madhya Pradesh,5kW,349188,281926,19.28,Poly,Tata Power Solar,1446.0,1229.1,340998.63
2015,Telangana,5kW,337480,288989,19.28,Mono,Vikram Solar,1446.0,1229.1,329565.21
2015,Andhra Pradesh,5kW,312747,264285,18.19,Poly,Waaree Energies,1364.25,1159.61,305412.26
2015,Maharashtra,5kW,363810,306557,21.88,Poly,RenewSys,1641.0,1394.85,355277.7
2015,Telangana,3kW,193556,156561,16.19,Poly,Waaree Energies,728.55,619.27,189016.61
2015,Maharashtra,5kW,320627,243250,18.94,Poly,Adani Solar,1420.5,1207.42,313107.46
2015,Andhra Pradesh,3kW,213897,189373,19.79,Poly,RenewSys,890.55,756.97,208880.56
2015,Maharashtra,5kW,368822,298192,20.83,Thin-Film,Adani Solar,1562.25,1327.91,360172.16
2015,Maharashtra,5kW,345920,297900,19.64,Poly,Vikram Solar,1473.0,1252.05,337807.27
2015,Andhra Pradesh,5kW,321653,279454,18.97,Poly,Vikram Solar,1422.75,1209.34,314109.4
2015,Telangana,3kW,196873,163904,17.77,Thin-Film,Waaree Energies,799.65,679.7,192255.81
2015,Madhya Pradesh,5kW,342606,260969,15.62,Mono,RenewSys,1171.5,995.77,334570.99
2015,Maharashtra,5kW,311016,235073,20.91,Poly,Tata Power Solar,1568.25,1333.01,303721.86
2015,Telangana,5kW,327262,253853,17.5,Mono,Tata Power Solar,1312.5,1115.62,319586.85
2015,Madhya Pradesh,5kW,318571,273525,17.07,Mono,Tata Power Solar,1280.25,1088.21,311099.68
2015,Telangana,3kW,238984,179708,20.41,Poly,Vikram Solar,918.45,780.68,233379.2
2015,Madhya Pradesh,5kW,368839,331176,16.39,Thin-Film,Tata Power Solar,1229.25,1044.86,360188.76
2015,Madhya Pradesh,3kW,202666,180148,17.51,Thin-Film,Tata Power Solar,787.95,669.76,197912.95
2015,Telangana,5kW,332662,256979,18.15,Poly,Waaree Energies,1361.25,1157.06,324860.21
2015,Telangana,5kW,345222,276064,19.66,Thin-Film,Tata Power Solar,1474.5,1253.33,337125.64
2015,Madhya Pradesh,5kW,320965,246153,18.31,Poly,RenewSys,1373.25,1167.26,313437.53
2015,Telangana,3kW,203773,157447,20.05,Thin-Film,RenewSys,902.25,766.91,198993.99
2015,Maharashtra,3kW,235453,194467,18.66,Mono,Tata Power Solar,839.7,713.75,229931.01
2015,Maharashtra,5kW,366873,306008,16.41,Mono,Waaree Energies,1230.75,1046.14,358268.87
2015,Madhya Pradesh,3kW,231523,188809,19.87,Poly,RenewSys,894.15,760.03,226093.18
2015,Telangana,3kW,196374,164648,20.29,Thin-Film,Vikram Solar,913.05,776.09,191768.52
2015,Madhya Pradesh,3kW,206198,176616,16.13,Poly,Vikram Solar,725.85,616.97,201362.12
2015,Andhra Pradesh,5kW,352557,283804,21.1,Poly,Vikram Solar,1582.5,1345.12,344288.62
2015,Madhya Pradesh,5kW,313627,262669,21.18,Mono,Waaree Energies,1588.5,1350.22,306271.63
2015,Madhya Pradesh,5kW,320230,245163,17.23,Thin-Film,Vikram Solar,1292.25,1098.41,312719.77
2015,Telangana,3kW,191306,159919,20.73,Poly,Adani Solar,932.85,792.92,186819.37
2015,Telangana,3kW,230294,201576,18.74,Poly,Vikram Solar,843.3,716.8,224893.0
2015,Andhra Pradesh,3kW,221968,195780,17.36,Poly,Waaree Energies,781.2,664.02,216762.27
2015,Maharashtra,3kW,218021,189064,18.91,Poly,RenewSys,850.95,723.31,212907.84
2015,Madhya Pradesh,3kW,236576,203907,16.73,Thin-Film,Waaree Energies,752.85,639.92,231027.67
2015,Maharashtra,5kW,333938,285472,16.99,Mono,Vikram Solar,1274.25,1083.11,326106.28
2015,Telangana,3kW,216736,163312,17.88,Thin-Film,Waaree Energies,804.6,683.91,211652.97
2015,Maharashtra,3kW,228623,174613,16.68,Mono,Waaree Energies,750.6,638.01,223261.19
2015,Andhra Pradesh,3kW,228559,186747,19.15,Mono,RenewSys,861.75,732.49,223198.69
2015,Maharashtra,3kW,234215,202444,20.1,Poly,Tata Power Solar,904.5,768.82,228722.05
2015,Madhya Pradesh,3kW,230545,185581,18.75,Thin-Film,Vikram Solar,843.75,717.19,225138.12
2015,Madhya Pradesh,5kW,335184,294087,18.56,Poly,Waaree Energies,1392.0,1183.2,327323.06
2015,Madhya Pradesh,3kW,216370,175555,19.74,Mono,Waaree Energies,888.3,755.05,211295.56
2015,Maharashtra,5kW,344754,268416,17.44,Mono,Vikram Solar,1308.0,1111.8,336668.62
2015,Maharashtra,5kW,318680,253783,17.71,Thin-Film,Tata Power Solar,1328.25,1129.01,311206.12
2015,Andhra Pradesh,5kW,347504,277532,20.15,Poly,Waaree Energies,1511.25,1284.56,339354.12
2015,Andhra Pradesh,3kW,211918,162837,16.81,Poly,Adani Solar,756.45,642.98,206947.97
2015,Madhya Pradesh,5kW,341065,256711,18.62,Mono,Vikram Solar,1396.5,1187.02,333066.13
2015,Telangana,5kW,341616,302683,21.28,Poly,Vikram Solar,1596.0,1356.6,333604.21
2015,Telangana,5kW,317158,269313,17.44,Poly,Vikram Solar,1308.0,1111.8,309719.81
2015,Madhya Pradesh,5kW,311154,240071,17.83,Mono,Waaree Energies,1337.25,1136.66,303856.62
2015,Telangana,5kW,339299,301086,16.13,Poly,Waaree Energies,1209.75,1028.29,331341.55
2015,Andhra Pradesh,5kW,367597,330330,15.71,Poly,Vikram Solar,1178.25,1001.51,358975.89
2015,Maharashtra,3kW,236940,203155,17.14,Poly,Vikram Solar,771.3,655.6,231383.14
2015,Andhra Pradesh,5kW,360108,311983,19.99,Mono,Waaree Energies,1499.25,1274.36,351662.52
2015,Telangana,5kW,335876,293279,17.57,Thin-Film,Tata Power Solar,1317.75,1120.09,327998.83
2015,Madhya Pradesh,3kW,223986,179492,18.98,Mono,RenewSys,854.1,725.99,218732.94
2015,Madhya Pradesh,3kW,230818,185704,16.75,Thin-Film,RenewSys,753.75,640.69,225404.71
2015,Andhra Pradesh,5kW,357333,300529,21.24,Poly,Waaree Energies,1593.0,1354.05,348952.61
2015,Maharashtra,3kW,239377,202869,19.52,Thin-Film,Adani Solar,878.4,746.64,233762.98
2015,Maharashtra,5kW,315600,274797,20.06,Poly,Adani Solar,1504.5,1278.83,308198.35
2015,Maharashtra,5kW,347410,272618,15.31,Poly,Waaree Energies,1148.25,976.01,339262.33
2015,Madhya Pradesh,5kW,328589,248712,21.4,Poly,Tata Power Solar,1605.0,1364.25,320882.73
2015,Maharashtra,5kW,343828,261567,18.0,Mono,Adani Solar,1350.0,1147.5,335764.33
2015,Telangana,3kW,190699,147228,17.06,Thin-Film,Waaree Energies,767.7,652.55,186226.61
2015,Telangana,5kW,316102,271761,18.4,Mono,Waaree Energies,1380.0,1173.0,308688.58
2015,Andhra Pradesh,3kW,222745,169191,19.87,Mono,Tata Power Solar,894.15,760.03,217521.05
2015,Madhya Pradesh,5kW,346631,301105,19.7,Thin-Film,Adani Solar,1477.5,1255.88,338501.6
2015,Maharashtra,5kW,366958,301731,21.14,Mono,Tata Power Solar,1585.5,1347.67,358351.87
2015,Telangana,5kW,350864,308587,19.96,Mono,Vikram Solar,1497.0,1272.45,342635.32
2015,Maharashtra,3kW,195801,152449,20.67,Mono,RenewSys,930.15,790.63,191208.95
2015,Telangana,5kW,318716,282943,15.04,Thin-Film,Tata Power Solar,1128.0,958.8,311241.28
2015,Madhya Pradesh,3kW,192368,171084,17.78,Mono,Vikram Solar,800.1,680.09,187856.47
2015,Andhra Pradesh,5kW,332386,282295,17.63,Thin-Film,RenewSys,1322.25,1123.91,324590.68
2015,Andhra Pradesh,5kW,320966,256514,17.3,Thin-Film,Waaree Energies,1297.5,1102.88,313438.51
2015,Andhra Pradesh,3kW,212677,172560,15.21,Thin-Film,RenewSys,684.45,581.78,207689.17
2015,Madhya Pradesh,5kW,363006,307092,15.89,Mono,Vikram Solar,1191.75,1012.99,354492.56
2015,Telangana,5kW,329508,283135,21.76,Mono,Vikram Solar,1632.0,1387.2,321780.17
2015,Maharashtra,5kW,364021,324796,18.72,Thin-Film,Waaree Energies,1404.0,1193.4,355483.75
2015,Maharashtra,3kW,229734,201992,15.93,Thin-Film,Adani Solar,716.85,609.32,224346.14
2015,Andhra Pradesh,5kW,356185,303311,20.57,Poly,Adani Solar,1542.75,1311.34,347831.53
2015,Maharashtra,3kW,218251,172067,16.76,Mono,RenewSys,754.2,641.07,213132.44
2015,Andhra Pradesh,3kW,195949,151782,19.87,Thin-Film,Waaree Energies,894.15,760.03,191353.48
2015,Telangana,3kW,191081,145740,18.1,Thin-Film,Waaree Energies,814.5,692.32,186599.65
2015,Madhya Pradesh,5kW,315237,249923,19.62,Thin-Film,Vikram Solar,1471.5,1250.77,307843.87
2015,Telangana,3kW,193343,159023,19.6,Mono,Vikram Solar,882.0,749.7,188808.6
2015,Telangana,5kW,366156,306494,16.73,Thin-Film,Adani Solar,1254.75,1066.54,357568.68
2015,Madhya Pradesh,3kW,203284,179291,17.39,Mono,Vikram Solar,782.55,665.17,198516.46
2015,Madhya Pradesh,3kW,234078,209240,20.99,Thin-Film,Waaree Energies,944.55,802.87,228588.26
2015,Madhya Pradesh,3kW,219899,197343,20.34,Mono,Tata Power Solar,915.3,778.0,214741.79
2015,Telangana,3kW,216211,188972,18.04,Thin-Film,Vikram Solar,811.8,690.03,211140.29
2015,Maharashtra,5kW,333049,252327,21.21,Mono,Vikram Solar,1590.75,1352.14,325238.13
2015,Madhya Pradesh,3kW,213289,162096,18.51,Poly,RenewSys,832.95,708.01,208286.81
2015,Madhya Pradesh,3kW,206364,180684,15.49,Thin-Film,RenewSys,697.05,592.49,201524.22
2015,Maharashtra,5kW,339168,261132,19.45,Mono,Waaree Energies,1458.75,1239.94,331213.62
2015,Madhya Pradesh,5kW,369275,310846,19.5,Poly,RenewSys,1462.5,1243.12,360614.53
2016,Telangana,3kW,225506,175196,19.38,Mono,Tata Power Solar,872.1,741.28,200302.61
2016,Telangana,3kW,236247,180539,16.37,Mono,RenewSys,736.65,626.15,209843.15
2016,Telangana,5kW,348494,293923,15.27,Thin-Film,Vikram Solar,1145.25,973.46,309545.01
2016,Andhra Pradesh,3kW,217350,193294,17.23,Poly,Adani Solar,775.35,659.05,193058.15
2016,Andhra Pradesh,5kW,319817,271494,16.82,Mono,RenewSys,1261.5,1072.27,284073.06
2016,Maharashtra,5kW,327209,260291,19.4,Thin-Film,RenewSys,1455.0,1236.75,290638.9
2016,Telangana,5kW,350355,293355,21.77,Mono,Vikram Solar,1632.75,1387.84,311198.02
2016,Madhya Pradesh,5kW,348756,274613,20.65,Mono,Tata Power Solar,1548.75,1316.44,309777.73
2016,Telangana,3kW,210463,185385,16.75,Poly,Waaree Energies,753.75,640.69,186940.87
2016,Madhya Pradesh,5kW,333190,253353,21.01,Thin-Film,Vikram Solar,1575.75,1339.39,295951.44
2016,Telangana,3kW,195644,154365,16.67,Poly,RenewSys,750.15,637.63,173778.1
2016,Andhra Pradesh,3kW,234912,193617,20.79,Mono,Vikram Solar,935.55,795.22,208657.36
2016,Andhra Pradesh,3kW,190698,168768,15.37,Mono,Adani Solar,691.65,587.9,169384.88
2016,Telangana,3kW,214466,190082,17.24,Mono,Waaree Energies,775.8,659.43,190496.48
2016,Andhra Pradesh,3kW,222307,180954,19.42,Mono,Waaree Energies,873.9,742.81,197461.14
2016,Telangana,3kW,227259,193329,19.71,Poly,Waaree Energies,886.95,753.91,201859.69
2016,Madhya Pradesh,3kW,191167,149407,15.64,Thin-Film,Vikram Solar,703.8,598.23,169801.46
2016,Andhra Pradesh,5kW,321174,241076,15.39,Thin-Film,Tata Power Solar,1154.25,981.11,285278.39
2016,Maharashtra,3kW,198924,168560,15.82,Mono,RenewSys,711.9,605.12,176691.51
2016,Madhya Pradesh,3kW,213625,165443,21.07,Thin-Film,Waaree Energies,948.15,805.93,189749.47
2016,Andhra Pradesh,3kW,211677,168252,15.51,Poly,Waaree Energies,697.95,593.26,188019.19
2016,Andhra Pradesh,3kW,209065,183561,18.59,Thin-Film,Adani Solar,836.55,711.07,185699.11
2016,Andhra Pradesh,3kW,218295,184210,17.59,Poly,RenewSys,791.55,672.82,193897.54
2016,Madhya Pradesh,3kW,230262,173180,20.27,Mono,Adani Solar,912.15,775.33,204527.06
2016,Andhra Pradesh,5kW,329870,273049,17.65,Mono,Waaree Energies,1323.75,1125.19,293002.5
2016,Maharashtra,3kW,215289,164490,15.78,Mono,Adani Solar,710.1,603.59,191227.5
2016,Maharashtra,3kW,194748,163436,19.0,Thin-Film,Waaree Energies,855.0,726.75,172982.24
2016,Madhya Pradesh,5kW,367799,324535,19.54,Mono,Adani Solar,1465.5,1245.67,326692.41
2016,Telangana,3kW,232956,201361,17.8,Thin-Film,Tata Power Solar,801.0,680.85,206919.97
2016,Madhya Pradesh,3kW,213960,164687,16.57,Poly,Vikram Solar,745.65,633.8,190047.03
2016,Andhra Pradesh,5kW,346395,260944,18.89,Mono,Adani Solar,1416.75,1204.24,307680.6
2016,Maharashtra,3kW,210559,172836,21.95,Mono,RenewSys,987.75,839.59,187026.14
2016,Telangana,5kW,335826,267212,15.53,Poly,RenewSys,1164.75,990.04,298292.83
2016,Maharashtra,3kW,228413,195481,21.97,Thin-Film,RenewSys,988.65,840.35,202884.71
2016,Andhra Pradesh,5kW,313330,239643,15.32,Poly,Adani Solar,1149.0,976.65,278311.07
2016,Madhya Pradesh,5kW,320975,286091,17.76,Poly,RenewSys,1332.0,1132.2,285101.63
2016,Madhya Pradesh,5kW,363620,312128,16.32,Mono,Vikram Solar,1224.0,1040.4,322980.47
2016,Andhra Pradesh,5kW,329129,284891,16.86,Mono,Vikram Solar,1264.5,1074.83,292344.31
2016,Telangana,3kW,194835,146529,19.89,Mono,Adani Solar,895.05,760.79,173059.51
2016,Telangana,3kW,203216,170359,19.22,Mono,Vikram Solar,864.9,735.16,180503.82
2016,Madhya Pradesh,3kW,217532,166055,20.76,Mono,Tata Power Solar,934.2,794.07,193219.81
2016,Andhra Pradesh,3kW,239407,194596,21.43,Poly,Vikram Solar,964.35,819.7,212649.98
2016,Andhra Pradesh,5kW,368141,283501,15.32,Mono,Adani Solar,1149.0,976.65,326996.19
2016,Maharashtra,5kW,369168,289191,18.36,Poly,Waaree Energies,1377.0,1170.45,327908.41
2016,Maharashtra,3kW,213833,180232,21.79,Poly,Tata Power Solar,980.55,833.47,189934.23
2016,Maharashtra,3kW,236540,210632,15.26,Poly,RenewSys,686.7,583.7,210103.41
2016,Maharashtra,3kW,190404,169753,21.05,Mono,Tata Power Solar,947.25,805.16,169123.74
2016,Telangana,3kW,222606,175305,21.39,Mono,Tata Power Solar,962.55,818.17,197726.72
2016,Maharashtra,3kW,193636,146831,20.95,Poly,Tata Power Solar,942.75,801.34,171994.52
2016,Telangana,3kW,228765,197260,16.92,Thin-Film,Waaree Energies,761.4,647.19,203197.37
2016,Madhya Pradesh,5kW,314544,251397,19.33,Thin-Film,Adani Solar,1449.75,1232.29,279389.39
2016,Madhya Pradesh,3kW,197239,176858,18.49,Thin-Film,Vikram Solar,832.05,707.24,175194.83
2016,Andhra Pradesh,5kW,359922,295847,20.97,Thin-Film,Waaree Energies,1572.75,1336.84,319695.77
2016,Andhra Pradesh,5kW,351348,311553,20.54,Thin-Film,Vikram Solar,1540.5,1309.42,312080.03
2016,Telangana,5kW,329198,294856,20.29,Poly,Tata Power Solar,1521.75,1293.49,292405.6
2016,Telangana,5kW,347441,270741,21.32,Mono,Vikram Solar,1599.0,1359.15,308609.7
2016,Madhya Pradesh,5kW,349649,296296,19.13,Mono,Vikram Solar,1434.75,1219.54,310570.92
2016,Andhra Pradesh,3kW,213386,189134,20.08,Poly,Tata Power Solar,903.6,768.06,189537.18
2016,Telangana,5kW,366800,287003,17.78,Mono,Waaree Energies,1333.5,1133.47,325805.06
2016,Maharashtra,5kW,366882,291800,20.58,Mono,Waaree Energies,1543.5,1311.97,325877.9
2016,Andhra Pradesh,5kW,329856,272521,16.81,Thin-Film,Adani Solar,1260.75,1071.64,292990.06
2016,Madhya Pradesh,3kW,217169,175229,17.43,Poly,RenewSys,784.35,666.7,192897.38
2016,Andhra Pradesh,3kW,202015,171463,18.76,Thin-Film,Vikram Solar,844.2,717.57,179437.05
2016,Maharashtra,3kW,205183,179989,15.97,Thin-Film,Adani Solar,718.65,610.85,182250.98
2016,Madhya Pradesh,5kW,355415,282741,17.88,Poly,Tata Power Solar,1341.0,1139.85,315692.49
2016,Madhya Pradesh,3kW,223434,178717,16.21,Mono,Adani Solar,729.45,620.03,198462.18
2016,Andhra Pradesh,3kW,213954,166184,17.42,Thin-Film,Waaree Energies,783.9,666.31,190041.7
2016,Andhra Pradesh,3kW,213061,188920,15.84,Mono,RenewSys,712.8,605.88,189248.51
2016,Telangana,5kW,328777,251799,15.9,Thin-Film,Adani Solar,1192.5,1013.62,292031.65
2016,Andhra Pradesh,3kW,206282,184437,20.6,Thin-Film,Waaree Energies,927.0,787.95,183227.15
2016,Telangana,5kW,320478,263833,16.1,Poly,Tata Power Solar,1207.5,1026.38,284660.18
2016,Madhya Pradesh,3kW,194432,166913,20.64,Thin-Film,Tata Power Solar,928.8,789.48,172701.55
2016,Telangana,3kW,212195,184312,17.59,Mono,RenewSys,791.55,672.82,188479.29
2016,Andhra Pradesh,5kW,338699,286086,18.24,Poly,Adani Solar,1368.0,1162.8,300844.73
2016,Telangana,5kW,314621,276186,15.93,Mono,Vikram Solar,1194.75,1015.54,279457.78
2016,Maharashtra,3kW,207302,170661,18.72,Poly,Vikram Solar,842.4,716.04,184133.15
2016,Telangana,5kW,350441,296780,17.78,Thin-Film,Tata Power Solar,1333.5,1133.47,311274.4
2016,Madhya Pradesh,3kW,228518,192733,15.14,Poly,RenewSys,681.3,579.1,202977.97
2016,Telangana,3kW,219926,194990,18.75,Thin-Film,Adani Solar,843.75,717.19,195346.25
2016,Telangana,3kW,193596,156998,19.75,Mono,Vikram Solar,888.75,755.44,171958.99
2016,Maharashtra,3kW,216734,176068,20.16,Mono,Waaree Energies,907.2,771.12,192511.0
2016,Maharashtra,5kW,322199,269117,15.89,Thin-Film,Waaree Energies,1191.75,1012.99,286188.84
2016,Telangana,3kW,209123,167949,19.0,Thin-Film,Vikram Solar,855.0,726.75,185750.63
2016,Madhya Pradesh,3kW,207260,176263,21.54,Thin-Film,Waaree Energies,969.3,823.9,184095.85
2016,Telangana,5kW,336900,295485,16.72,Mono,RenewSys,1254.0,1065.9,299246.8
2016,Madhya Pradesh,5kW,366138,324697,20.64,Poly,Waaree Energies,1548.0,1315.8,325217.05
2016,Madhya Pradesh,3kW,203046,181168,15.13,Poly,RenewSys,680.85,578.72,180352.82
2016,Telangana,5kW,319111,281836,17.78,Thin-Film,Tata Power Solar,1333.5,1133.47,283445.96
2016,Madhya Pradesh,3kW,212350,165089,16.81,Thin-Film,RenewSys,756.45,642.98,188616.97
2016,Madhya Pradesh,5kW,323234,251111,20.03,Thin-Film,Tata Power Solar,1502.25,1276.91,287108.16
2016,Maharashtra,5kW,358153,307296,20.39,Mono,Vikram Solar,1529.25,1299.86,318124.48
2016,Andhra Pradesh,5kW,352101,279341,16.4,Mono,Tata Power Solar,1230.0,1045.5,312748.88
2016,Madhya Pradesh,3kW,229051,202200,19.27,Mono,Tata Power Solar,867.15,737.08,203451.4
2016,Madhya Pradesh,5kW,311828,256972,21.52,Poly,RenewSys,1614.0,1371.9,276976.94
2016,Telangana,3kW,237362,211780,17.36,Mono,Adani Solar,781.2,664.02,210833.54
2016,Andhra Pradesh,3kW,212422,173689,16.41,Poly,RenewSys,738.45,627.68,188680.92
2016,Madhya Pradesh,5kW,344387,296794,19.77,Poly,RenewSys,1482.75,1260.34,305897.02
2016,Telangana,3kW,217534,180393,17.88,Poly,Vikram Solar,804.6,683.91,193221.59
2016,Andhra Pradesh,3kW,230752,178230,20.22,Mono,Waaree Energies,909.9,773.41,204962.29
2016,Andhra Pradesh,5kW,311908,246522,21.57,Mono,Adani Solar,1617.75,1375.09,277048.0
2017,Madhya Pradesh,3kW,195415,154721,15.34,Poly,RenewSys,690.3,586.75,157580.25
2017,Telangana,5kW,351832,277041,20.6,Thin-Film,Tata Power Solar,1545.0,1313.25,283712.99
2017,Maharashtra,3kW,205524,159859,19.66,Mono,Adani Solar,884.7,752.0,165732.02
2017,Andhra Pradesh,5kW,330611,281869,19.12,Poly,Adani Solar,1434.0,1218.9,266600.63
2017,Andhra Pradesh,5kW,369207,307966,17.64,Poly,Adani Solar,1323.0,1124.55,297723.97
2017,Maharashtra,3kW,196565,160993,18.07,Thin-Film,Waaree Energies,813.15,691.18,158507.59
2017,Telangana,3kW,192192,147039,17.69,Mono,Vikram Solar,796.05,676.64,154981.26
2017,Andhra Pradesh,3kW,226455,196029,18.8,Poly,Waaree Energies,846.0,719.1,182610.52
2017,Andhra Pradesh,5kW,337202,271732,17.34,Thin-Film,Waaree Energies,1300.5,1105.42,271915.53
2017,Madhya Pradesh,5kW,325374,249954,18.47,Poly,Waaree Energies,1385.25,1177.46,262377.58
2017,Andhra Pradesh,3kW,190922,149245,16.06,Mono,Waaree Energies,722.7,614.3,153957.15
2017,Telangana,3kW,222154,175148,15.23,Thin-Film,Tata Power Solar,685.35,582.55,179142.25
2017,Andhra Pradesh,5kW,342265,282677,20.28,Thin-Film,Adani Solar,1521.0,1292.85,275998.27
2017,Andhra Pradesh,5kW,365180,322601,20.93,Thin-Film,Tata Power Solar,1569.75,1334.29,294476.65
2017,Madhya Pradesh,5kW,350631,289150,18.78,Mono,Vikram Solar,1408.5,1197.22,282744.51
2017,Telangana,3kW,208755,165263,20.04,Thin-Film,Adani Solar,901.8,766.53,168337.46
2017,Maharashtra,3kW,229666,187217,20.01,Poly,Vikram Solar,900.45,765.38,185199.83
2017,Maharashtra,3kW,195779,170868,21.36,Mono,Tata Power Solar,961.2,817.02,157873.77
2017,Andhra Pradesh,5kW,322999,270175,17.02,Mono,Waaree Energies,1276.5,1085.02,260462.41
2017,Maharashtra,5kW,320457,260232,18.54,Mono,RenewSys,1390.5,1181.92,258412.57
2017,Telangana,3kW,216215,166308,21.52,Poly,Tata Power Solar,968.4,823.14,174353.11
2017,Madhya Pradesh,5kW,356403,278524,15.16,Poly,Adani Solar,1137.0,966.45,287398.98
2017,Maharashtra,5kW,337632,274682,19.25,Thin-Film,Vikram Solar,1443.75,1227.19,272262.28
2017,Andhra Pradesh,3kW,229964,203371,20.88,Mono,RenewSys,939.6,798.66,185440.13
2017,Maharashtra,3kW,224560,198289,21.89,Poly,Adani Solar,985.05,837.29,181082.41
2017,Andhra Pradesh,5kW,368549,285395,17.33,Mono,RenewSys,1299.75,1104.79,297193.37
2017,Andhra Pradesh,3kW,229282,186018,17.79,Thin-Film,Adani Solar,800.55,680.47,184890.18
2017,Telangana,3kW,221880,192849,20.51,Thin-Film,Vikram Solar,922.95,784.51,178921.3
2017,Andhra Pradesh,3kW,230738,193883,18.76,Thin-Film,Adani Solar,844.2,717.57,186064.28
2017,Maharashtra,5kW,318577,264465,18.37,Mono,Waaree Energies,1377.75,1171.09,256896.56
2017,Maharashtra,3kW,196783,170474,18.17,Poly,Tata Power Solar,817.65,695.0,158683.38
2017,Maharashtra,5kW,355719,289325,16.16,Mono,RenewSys,1212.0,1030.2,286847.41
2017,Telangana,5kW,356240,301251,19.06,Poly,Tata Power Solar,1429.5,1215.08,287267.54
2017,Andhra Pradesh,5kW,320395,278134,18.61,Poly,Adani Solar,1395.75,1186.39,258362.58
2017,Telangana,5kW,329816,289479,17.9,Poly,Tata Power Solar,1342.5,1141.12,265959.55
2017,Madhya Pradesh,3kW,199916,174392,17.1,Thin-Film,Vikram Solar,769.5,654.07,161209.8
2017,Madhya Pradesh,3kW,231949,182661,16.47,Poly,Waaree Energies,741.15,629.98,187040.81
2017,Maharashtra,5kW,312079,258952,19.37,Thin-Film,Vikram Solar,1452.75,1234.84,251656.66
2017,Telangana,5kW,317311,258695,15.46,Poly,RenewSys,1159.5,985.57,255875.68
2017,Andhra Pradesh,3kW,238302,195610,18.74,Mono,Waaree Energies,843.3,716.8,192163.79
2017,Telangana,5kW,321485,262349,16.09,Thin-Film,Vikram Solar,1206.75,1025.74,259241.54
2017,Telangana,5kW,322342,244361,17.61,Thin-Film,Waaree Energies,1320.75,1122.64,259932.61
2017,Andhra Pradesh,3kW,200093,164279,20.61,Mono,Vikram Solar,927.45,788.33,161352.53
2017,Maharashtra,5kW,336399,266631,19.61,Mono,Tata Power Solar,1470.75,1250.14,271268.0
2017,Telangana,3kW,200998,173243,16.37,Poly,Tata Power Solar,736.65,626.15,162082.31
2017,Maharashtra,3kW,198519,175566,20.6,Thin-Film,RenewSys,927.0,787.95,160083.27
2017,Maharashtra,3kW,214160,174859,20.05,Thin-Film,Tata Power Solar,902.25,766.91,172695.98
2017,Maharashtra,5kW,331591,262507,20.99,Thin-Film,Tata Power Solar,1574.25,1338.11,267390.89
2017,Maharashtra,5kW,363699,275806,15.99,Thin-Film,Tata Power Solar,1199.25,1019.36,293282.39
2017,Andhra Pradesh,3kW,190822,146083,15.09,Mono,Vikram Solar,679.05,577.19,153876.51
2017,Maharashtra,3kW,192198,148526,15.86,Mono,Adani Solar,713.7,606.64,154986.1
2017,Maharashtra,5kW,360460,301627,21.25,Mono,Tata Power Solar,1593.75,1354.69,290670.5
2017,Maharashtra,3kW,212419,180475,20.78,Thin-Film,RenewSys,935.1,794.84,171292.06
2017,Maharashtra,3kW,201382,173146,19.37,Mono,Waaree Energies,871.65,740.9,162391.96
2017,Andhra Pradesh,5kW,355960,297077,17.06,Poly,Vikram Solar,1279.5,1087.58,287041.75
2017,Madhya Pradesh,5kW,353861,277085,15.8,Poly,Adani Solar,1185.0,1007.25,285349.15
2017,Andhra Pradesh,5kW,312106,239016,20.6,Poly,Adani Solar,1545.0,1313.25,251678.43
2017,Telangana,5kW,345954,284765,20.19,Mono,Waaree Energies,1514.25,1287.11,278973.04
2017,Andhra Pradesh,3kW,224072,192996,15.98,Thin-Film,RenewSys,719.1,611.24,180688.9
2017,Maharashtra,5kW,361203,317915,21.3,Poly,Adani Solar,1597.5,1357.88,291269.64
2017,Andhra Pradesh,3kW,198996,178547,21.4,Mono,RenewSys,963.0,818.55,160467.92
2017,Telangana,5kW,348243,287400,15.47,Thin-Film,Waaree Energies,1160.25,986.21,280818.86
2017,Telangana,3kW,202875,176305,15.08,Thin-Film,Tata Power Solar,678.6,576.81,163595.9
2017,Telangana,3kW,230760,198459,20.13,Thin-Film,Vikram Solar,905.85,769.97,186082.02
2017,Andhra Pradesh,5kW,356828,285549,16.23,Thin-Film,Tata Power Solar,1217.25,1034.66,287741.7
2017,Telangana,3kW,225737,189470,20.4,Mono,Tata Power Solar,918.0,780.3,182031.53
2017,Andhra Pradesh,5kW,330609,289301,20.17,Mono,Waaree Energies,1512.75,1285.84,266599.02
2017,Maharashtra,3kW,201555,158090,15.48,Mono,Tata Power Solar,696.6,592.11,162531.47
2017,Maharashtra,5kW,369402,312753,20.03,Poly,Tata Power Solar,1502.25,1276.91,297881.22
2017,Maharashtra,5kW,368594,279248,17.78,Poly,Tata Power Solar,1333.5,1133.47,297229.66
2017,Madhya Pradesh,5kW,339077,267909,16.5,Mono,Waaree Energies,1237.5,1051.88,273427.51
2017,Madhya Pradesh,3kW,238275,208656,20.89,Mono,Waaree Energies,940.05,799.04,192142.02
2017,Telangana,5kW,334058,270745,17.34,Thin-Film,Vikram Solar,1300.5,1105.42,269380.25
2017,Andhra Pradesh,5kW,311524,264279,17.46,Poly,Tata Power Solar,1309.5,1113.08,251209.11
2017,Telangana,3kW,190060,151428,18.04,Poly,Adani Solar,811.8,690.03,153262.04
2017,Maharashtra,3kW,235186,208924,15.02,Mono,RenewSys,675.9,574.51,189651.09
2017,Maharashtra,5kW,330581,268255,17.53,Thin-Film,Adani Solar,1314.75,1117.54,266576.44
2017,Madhya Pradesh,3kW,194090,146670,20.53,Poly,Vikram Solar,923.85,785.27,156511.78
2017,Telangana,3kW,210491,172332,21.11,Thin-Film,Vikram Solar,949.95,807.46,169737.35
2017,Madhya Pradesh,3kW,201344,161313,19.85,Mono,RenewSys,893.25,759.26,162361.32
2017,Andhra Pradesh,5kW,325896,249146,19.53,Poly,RenewSys,1464.75,1245.04,262798.52
2017,Maharashtra,5kW,335064,254109,15.28,Mono,Waaree Energies,1146.0,974.1,270191.48
2017,Andhra Pradesh,5kW,314806,236135,18.89,Poly,RenewSys,1416.75,1204.24,253855.68
2017,Andhra Pradesh,5kW,326774,292432,19.88,Mono,Tata Power Solar,1491.0,1267.35,263506.52
2017,Telangana,3kW,205023,180975,17.95,Thin-Film,RenewSys,807.75,686.59,165328.02
2017,Telangana,5kW,346062,266707,20.91,Mono,Tata Power Solar,1568.25,1333.01,279060.13
2017,Andhra Pradesh,3kW,190614,170494,19.17,Thin-Film,Adani Solar,862.65,733.25,153708.78
2017,Maharashtra,5kW,340907,282216,21.19,Mono,Tata Power Solar,1589.25,1350.86,274903.2
2017,Maharashtra,5kW,341705,270386,15.46,Mono,RenewSys,1159.5,985.57,275546.7
2017,Maharashtra,5kW,316640,259404,19.63,Poly,Adani Solar,1472.25,1251.41,255334.59
2017,Telangana,5kW,358288,274843,19.31,Poly,Adani Solar,1448.25,1231.01,288919.02
2017,Andhra Pradesh,5kW,318502,264582,21.93,Poly,Waaree Energies,1644.75,1398.04,256836.08
2017,Maharashtra,3kW,199996,164128,21.57,Poly,Waaree Energies,970.65,825.05,161274.31
2017,Maharashtra,3kW,229974,206649,15.37,Thin-Film,Vikram Solar,691.65,587.9,185448.2
2017,Telangana,3kW,198436,164311,19.07,Thin-Film,RenewSys,858.15,729.43,160016.34
2017,Madhya Pradesh,3kW,200616,157435,17.92,Mono,RenewSys,806.4,685.44,161774.27
2017,Maharashtra,5kW,322676,254965,15.02,Thin-Film,RenewSys,1126.5,957.52,260201.95
2017,Telangana,5kW,334951,287024,17.07,Mono,Vikram Solar,1280.25,1088.21,270100.36
2017,Andhra Pradesh,3kW,230600,197949,21.37,Thin-Film,Vikram Solar,961.65,817.4,185953.0
2017,Maharashtra,3kW,194494,163832,19.76,Poly,Vikram Solar,889.2,755.82,156837.56
2018,Madhya Pradesh,3kW,233001,181811,16.81,Mono,Adani Solar,756.45,642.98,166984.05
2018,Madhya Pradesh,5kW,310806,238740,21.61,Poly,Vikram Solar,1620.75,1377.64,222744.3
2018,Maharashtra,5kW,344636,259036,20.2,Thin-Film,Waaree Energies,1515.0,1287.75,246989.14
2018,Madhya Pradesh,3kW,238988,191800,19.25,Thin-Film,Vikram Solar,866.25,736.31,171274.74
2018,Telangana,5kW,321593,287169,17.69,Poly,RenewSys,1326.75,1127.74,230474.99
2018,Telangana,3kW,233513,182855,17.45,Thin-Film,Adani Solar,785.25,667.46,167350.99
2018,Telangana,5kW,317214,275199,18.63,Poly,Tata Power Solar,1397.25,1187.66,227336.7
2018,Madhya Pradesh,5kW,340448,297522,17.77,Poly,Tata Power Solar,1332.75,1132.84,243987.74
2018,Andhra Pradesh,5kW,336685,252698,21.28,Mono,Vikram Solar,1596.0,1356.6,241290.92
2018,Maharashtra,5kW,364028,315403,18.76,Poly,Adani Solar,1407.0,1195.95,260886.74
2018,Telangana,5kW,344701,265757,18.2,Thin-Film,Tata Power Solar,1365.0,1160.25,247035.72
2018,Madhya Pradesh,3kW,233642,205738,21.22,Mono,Tata Power Solar,954.9,811.66,167443.44
2018,Telangana,5kW,335931,300552,17.3,Thin-Film,RenewSys,1297.5,1102.88,240750.55
2018,Telangana,3kW,205585,172430,17.61,Poly,Vikram Solar,792.45,673.58,147335.92
2018,Madhya Pradesh,3kW,193972,173155,18.73,Mono,Waaree Energies,842.85,716.42,139013.27
2018,Telangana,5kW,319903,255126,15.53,Thin-Film,Waaree Energies,1164.75,990.04,229263.82
2018,Telangana,5kW,319516,264531,19.15,Thin-Film,Vikram Solar,1436.25,1220.81,228986.47
2018,Andhra Pradesh,3kW,191591,153403,18.81,Mono,Vikram Solar,846.45,719.48,137306.89
2018,Telangana,3kW,224080,172139,20.58,Mono,Adani Solar,926.1,787.18,160590.67
2018,Madhya Pradesh,5kW,357456,313274,16.12,Thin-Film,Tata Power Solar,1209.0,1027.65,256176.8
2018,Telangana,3kW,222088,168894,15.74,Mono,RenewSys,708.3,602.05,159163.07
2018,Maharashtra,5kW,363947,318893,21.17,Poly,RenewSys,1587.75,1349.59,260828.69
2018,Andhra Pradesh,3kW,239138,183691,15.04,Mono,Adani Solar,676.8,575.28,171382.24
2018,Madhya Pradesh,3kW,201700,159035,16.13,Thin-Film,Tata Power Solar,725.85,616.97,144551.67
2018,Madhya Pradesh,5kW,358845,282233,16.81,Thin-Film,Adani Solar,1260.75,1071.64,257172.25
2018,Andhra Pradesh,5kW,340220,274714,21.87,Thin-Film,Vikram Solar,1640.25,1394.21,243824.34
2018,Telangana,5kW,341966,288446,15.06,Poly,RenewSys,1129.5,960.07,245075.64
2018,Telangana,3kW,191007,168841,20.33,Thin-Film,Adani Solar,914.85,777.62,136888.35
2018,Andhra Pradesh,3kW,232207,179723,17.75,Mono,Tata Power Solar,798.75,678.94,166415.02
2018,Maharashtra,5kW,336660,297817,21.56,Mono,Tata Power Solar,1617.0,1374.45,241273.0
2018,Madhya Pradesh,5kW,360417,273161,16.16,Poly,Tata Power Solar,1212.0,1030.2,258298.85
2018,Madhya Pradesh,5kW,318073,263671,15.41,Poly,Adani Solar,1155.75,982.39,227952.32
2018,Madhya Pradesh,3kW,192353,144548,19.73,Poly,Vikram Solar,887.85,754.67,137852.99
2018,Madhya Pradesh,5kW,335338,295260,20.31,Thin-Film,Tata Power Solar,1523.25,1294.76,240325.57
2018,Maharashtra,3kW,234064,199295,18.42,Thin-Film,Waaree Energies,828.9,704.56,167745.87
2018,Maharashtra,3kW,219241,197283,16.11,Thin-Film,Tata Power Solar,724.95,616.21,157122.72
2018,Andhra Pradesh,3kW,204288,180727,20.98,Thin-Film,Vikram Solar,944.1,802.49,146406.4
2018,Maharashtra,3kW,225612,179575,16.55,Mono,Adani Solar,744.75,633.04,161688.6
2018,Andhra Pradesh,3kW,203261,175920,15.92,Thin-Film,Tata Power Solar,716.4,608.94,145670.39
2018,Maharashtra,3kW,234413,205660,18.03,Mono,Waaree Energies,811.35,689.65,167995.99
2018,Telangana,3kW,206335,159165,21.75,Thin-Film,RenewSys,978.75,831.94,147873.42
2018,Maharashtra,3kW,222196,167181,17.87,Mono,Waaree Energies,804.15,683.53,159240.47
2018,Madhya Pradesh,5kW,329982,260066,16.4,Thin-Film,Waaree Energies,1230.0,1045.5,236487.1
2018,Telangana,3kW,207175,175005,21.05,Thin-Film,Adani Solar,947.25,805.16,148475.42
2018,Madhya Pradesh,3kW,224375,196577,16.43,Poly,Tata Power Solar,739.35,628.45,160802.09
2018,Telangana,3kW,198711,155861,20.91,Mono,Adani Solar,940.95,799.81,142409.55
2018,Madhya Pradesh,3kW,207343,177459,21.38,Poly,RenewSys,962.1,817.78,148595.82
2018,Andhra Pradesh,3kW,205251,160202,18.37,Poly,RenewSys,826.65,702.65,147096.55
2018,Andhra Pradesh,3kW,201536,163023,16.73,Thin-Film,Adani Solar,752.85,639.92,144434.14
2018,Telangana,5kW,319208,279586,19.56,Poly,Vikram Solar,1467.0,1246.95,228765.74
2018,Telangana,3kW,225201,175739,17.17,Poly,Vikram Solar,772.65,656.75,161394.05
2018,Telangana,3kW,226935,188426,19.76,Thin-Film,Adani Solar,889.2,755.82,162636.75
2018,Andhra Pradesh,5kW,351125,300650,19.86,Thin-Film,Waaree Energies,1489.5,1266.08,251639.59
2018,Telangana,5kW,330581,252506,20.07,Thin-Film,RenewSys,1505.25,1279.46,236916.39
2018,Maharashtra,5kW,319768,276181,21.91,Poly,Tata Power Solar,1643.25,1396.76,229167.07
2018,Madhya Pradesh,3kW,198783,164522,16.47,Mono,Waaree Energies,741.15,629.98,142461.15
2018,Telangana,5kW,319127,286746,17.29,Poly,RenewSys,1296.75,1102.24,228707.69
2018,Andhra Pradesh,3kW,217424,166899,15.58,Thin-Film,Vikram Solar,701.1,595.94,155820.54
2018,Telangana,5kW,366985,308436,15.93,Mono,RenewSys,1194.75,1015.54,263005.92
2018,Maharashtra,5kW,360861,287252,20.75,Thin-Film,Tata Power Solar,1556.25,1322.81,258617.05
2018,Andhra Pradesh,3kW,215003,190130,19.46,Thin-Film,RenewSys,875.7,744.35,154085.49
2018,Maharashtra,3kW,191925,155609,19.32,Mono,Waaree Energies,869.4,738.99,137546.25
2018,Maharashtra,5kW,343320,272472,21.1,Poly,Adani Solar,1582.5,1345.12,246046.0
2018,Andhra Pradesh,5kW,313389,245222,19.29,Mono,Waaree Energies,1446.75,1229.74,224595.45
2018,Maharashtra,3kW,223226,170941,18.83,Mono,Waaree Energies,847.35,720.25,159978.64
2018,Andhra Pradesh,5kW,318601,263758,15.29,Thin-Film,RenewSys,1146.75,974.74,228330.72
2018,Madhya Pradesh,5kW,346877,307941,15.42,Poly,Waaree Energies,1156.5,983.02,248595.19
2018,Maharashtra,5kW,311560,239662,16.53,Mono,Tata Power Solar,1239.75,1053.79,223284.67
2018,Maharashtra,5kW,362579,285842,21.1,Thin-Film,Vikram Solar,1582.5,1345.12,259848.29
2018,Telangana,3kW,216911,179010,18.89,Mono,Vikram Solar,850.05,722.54,155452.89
2018,Andhra Pradesh,3kW,190661,162090,18.8,Poly,Adani Solar,846.0,719.1,136640.39
2018,Maharashtra,3kW,204025,171281,16.54,Thin-Film,Adani Solar,744.3,632.65,146217.92
2018,Andhra Pradesh,3kW,236286,203524,18.24,Poly,Tata Power Solar,820.8,697.68,169338.3
2018,Andhra Pradesh,3kW,239310,200449,20.92,Poly,Adani Solar,941.4,800.19,171505.5
2018,Telangana,5kW,335963,263677,18.53,Mono,Waaree Energies,1389.75,1181.29,240773.49
2018,Andhra Pradesh,3kW,205282,166935,18.07,Thin-Film,Tata Power Solar,813.15,691.18,147118.77
2018,Telangana,5kW,332015,268623,19.18,Mono,Adani Solar,1438.5,1222.72,237944.09
2018,Madhya Pradesh,5kW,355350,305059,19.15,Poly,Tata Power Solar,1436.25,1220.81,254667.5
2018,Andhra Pradesh,3kW,238364,197872,20.85,Mono,Waaree Energies,938.25,797.51,170827.54
2018,Telangana,3kW,209975,176211,19.21,Thin-Film,Tata Power Solar,864.45,734.78,150482.09
2018,Andhra Pradesh,5kW,310525,234226,16.27,Poly,Adani Solar,1220.25,1037.21,222542.92
2018,Telangana,5kW,314648,271514,21.1,Poly,RenewSys,1582.5,1345.12,225497.74
2018,Maharashtra,5kW,314599,255796,19.64,Thin-Film,RenewSys,1473.0,1252.05,225462.62
2018,Maharashtra,5kW,345984,291089,21.79,Thin-Film,Tata Power Solar,1634.25,1389.11,247955.2
2018,Andhra Pradesh,3kW,233006,189139,19.19,Mono,Waaree Energies,863.55,734.02,166987.64
2018,Madhya Pradesh,3kW,226142,195567,21.19,Mono,Tata Power Solar,953.55,810.52,162068.44
2018,Andhra Pradesh,5kW,320831,263733,17.36,Mono,Waaree Energies,1302.0,1106.7,229928.89
2018,Andhra Pradesh,3kW,232240,193359,19.12,Poly,Waaree Energies,860.4,731.34,166438.67
2018,Madhya Pradesh,3kW,233320,204141,16.17,Poly,RenewSys,727.65,618.5,167212.67
2018,Telangana,3kW,196116,160809,20.47,Thin-Film,Waaree Energies,921.15,782.98,140549.8
2018,Madhya Pradesh,5kW,324135,263261,21.08,Poly,RenewSys,1581.0,1343.85,232296.75
2018,Madhya Pradesh,3kW,224707,193144,15.4,Thin-Film,Adani Solar,693.0,589.05,161040.02
2018,Maharashtra,3kW,215619,192385,19.48,Thin-Film,RenewSys,876.6,745.11,154526.95
2018,Maharashtra,5kW,320724,243724,17.21,Thin-Film,Vikram Solar,1290.75,1097.14,229852.2
2018,Telangana,3kW,223997,178473,17.78,Poly,RenewSys,800.1,680.09,160531.19
2018,Andhra Pradesh,5kW,348138,313066,21.66,Thin-Film,RenewSys,1624.5,1380.83,249498.9
2018,Andhra Pradesh,3kW,205398,170847,18.61,Mono,Waaree Energies,837.45,711.83,147201.9
2018,Andhra Pradesh,3kW,230363,188935,15.88,Thin-Film,RenewSys,714.6,607.41,165093.49
2018,Andhra Pradesh,3kW,202595,160920,16.41,Thin-Film,Vikram Solar,738.45,627.68,145193.09
2018,Maharashtra,5kW,320225,279155,20.12,Poly,Vikram Solar,1509.0,1282.65,229494.59
2019,Telangana,5kW,323669,249153,16.24,Mono,Adani Solar,1218.0,1035.3,235475.11
2019,Andhra Pradesh,3kW,237414,178821,17.62,Thin-Film,Vikram Solar,792.9,673.96,172723.02
2019,Andhra Pradesh,5kW,338625,273379,21.08,Thin-Film,RenewSys,1581.0,1343.85,246355.88
2019,Madhya Pradesh,3kW,219259,193613,20.57,Poly,Waaree Energies,925.65,786.8,159514.93
2019,Madhya Pradesh,3kW,225840,195949,19.61,Thin-Film,Vikram Solar,882.45,750.08,164302.73
2019,Telangana,5kW,323380,263044,17.44,Mono,Adani Solar,1308.0,1111.8,235264.86
2019,Andhra Pradesh,5kW,327087,292012,21.84,Mono,Waaree Energies,1638.0,1392.3,237961.77
2019,Telangana,3kW,235743,185561,15.63,Poly,Waaree Energies,703.35,597.85,171507.34
2019,Maharashtra,3kW,229882,176600,17.83,Poly,Vikram Solar,802.35,682.0,167243.36
2019,Andhra Pradesh,5kW,336213,280493,21.31,Mono,Adani Solar,1598.25,1358.51,244601.1
2019,Telangana,3kW,238406,198988,20.72,Mono,Vikram Solar,932.4,792.54,173444.72
2019,Madhya Pradesh,5kW,351781,282353,17.3,Poly,Adani Solar,1297.5,1102.88,255927.11
2019,Telangana,5kW,347574,283441,17.66,Poly,RenewSys,1324.5,1125.83,252866.44
2019,Telangana,3kW,207824,179636,17.61,Poly,Adani Solar,792.45,673.58,151195.76
2019,Madhya Pradesh,5kW,354298,286798,19.68,Poly,RenewSys,1476.0,1254.6,257758.27
2019,Andhra Pradesh,5kW,345757,285226,18.8,Mono,Adani Solar,1410.0,1198.5,251544.54
2019,Madhya Pradesh,5kW,353461,269642,20.7,Thin-Film,RenewSys,1552.5,1319.62,257149.34
2019,Telangana,5kW,331636,278632,19.06,Mono,RenewSys,1429.5,1215.08,241271.25
2019,Madhya Pradesh,5kW,353790,297482,18.85,Mono,Vikram Solar,1413.75,1201.69,257388.69
2019,Andhra Pradesh,5kW,336987,254988,15.13,Poly,Waaree Energies,1134.75,964.54,245164.2
2019,Maharashtra,3kW,231974,177574,15.5,Thin-Film,Adani Solar,697.5,592.88,168765.32
2019,Maharashtra,3kW,198906,167675,16.38,Thin-Film,Adani Solar,737.1,626.53,144707.75
2019,Telangana,5kW,347650,307596,18.4,Poly,Waaree Energies,1380.0,1173.0,252921.73
2019,Madhya Pradesh,3kW,218211,174456,21.51,Poly,RenewSys,967.95,822.76,158752.49
2019,Madhya Pradesh,3kW,239257,193427,20.01,Thin-Film,Tata Power Solar,900.45,765.38,174063.84
2019,Telangana,3kW,213171,165532,18.66,Poly,RenewSys,839.7,713.75,155085.8
2019,Maharashtra,3kW,234139,204352,18.68,Thin-Film,Adani Solar,840.6,714.51,170340.4
2019,Maharashtra,3kW,208743,163025,16.3,Thin-Film,Vikram Solar,733.5,623.48,151864.35
2019,Madhya Pradesh,5kW,364355,301492,20.64,Thin-Film,Adani Solar,1548.0,1315.8,265074.92
2019,Telangana,5kW,315495,259029,15.79,Thin-Film,RenewSys,1184.25,1006.61,229528.38
2019,Telangana,3kW,213669,175790,19.15,Mono,Waaree Energies,861.75,732.49,155448.1
2019,Andhra Pradesh,3kW,206393,180342,17.53,Poly,Waaree Energies,788.85,670.52,150154.68
2019,Andhra Pradesh,5kW,316295,267897,16.66,Mono,Waaree Energies,1249.5,1062.08,230110.39
2019,Telangana,5kW,355105,280606,20.96,Mono,Adani Solar,1572.0,1336.2,258345.38
2019,Maharashtra,5kW,333384,295268,19.37,Mono,RenewSys,1452.75,1234.84,242542.95
2019,Telangana,3kW,216160,170651,21.04,Mono,Adani Solar,946.8,804.78,157260.35
2019,Maharashtra,3kW,239104,208793,17.19,Thin-Film,Tata Power Solar,773.55,657.52,173952.53
2019,Maharashtra,5kW,350390,286617,16.62,Mono,RenewSys,1246.5,1059.52,254915.13
2019,Andhra Pradesh,3kW,229420,204466,15.99,Thin-Film,Adani Solar,719.55,611.62,166907.24
2019,Madhya Pradesh,3kW,194358,154656,17.83,Mono,Waaree Energies,802.35,682.0,141399.0
2019,Andhra Pradesh,3kW,221910,175602,15.11,Thin-Film,Waaree Energies,679.95,577.96,161443.58
2019,Madhya Pradesh,5kW,361501,319705,20.07,Thin-Film,Adani Solar,1505.25,1279.46,262998.58
2019,Andhra Pradesh,5kW,335766,263276,16.85,Poly,Tata Power Solar,1263.75,1074.19,244275.9
2019,Telangana,3kW,197843,172364,17.26,Poly,Adani Solar,776.7,660.2,143934.4
2019,Maharashtra,5kW,312472,252298,18.1,Thin-Film,RenewSys,1357.5,1153.88,227329.09
2019,Madhya Pradesh,5kW,315051,245722,16.64,Mono,Tata Power Solar,1248.0,1060.8,229205.36
2019,Telangana,5kW,366549,297299,19.76,Thin-Film,Adani Solar,1482.0,1259.7,266671.1
2019,Madhya Pradesh,3kW,235113,199857,19.69,Thin-Film,RenewSys,886.05,753.14,171049.0
2019,Maharashtra,5kW,329201,278358,21.97,Poly,Waaree Energies,1647.75,1400.59,239499.74
2019,Maharashtra,5kW,363363,323748,18.94,Thin-Film,Tata Power Solar,1420.5,1207.42,264353.22
2019,Madhya Pradesh,3kW,232828,187369,20.28,Mono,Waaree Energies,912.6,775.71,169386.62
2019,Maharashtra,5kW,345433,305880,18.15,Thin-Film,Vikram Solar,1361.25,1157.06,251308.82
2019,Madhya Pradesh,5kW,339328,290082,21.87,Poly,Tata Power Solar,1640.25,1394.21,246867.32
2019,Maharashtra,5kW,325901,281840,17.8,Thin-Film,Waaree Energies,1335.0,1134.75,237098.93
2019,Madhya Pradesh,5kW,336116,265337,20.38,Thin-Film,Tata Power Solar,1528.5,1299.22,244530.53
2019,Telangana,3kW,206669,169852,19.37,Poly,Tata Power Solar,871.65,740.9,150355.47
2019,Andhra Pradesh,5kW,336342,259083,19.26,Mono,Vikram Solar,1444.5,1227.83,244694.95
2019,Madhya Pradesh,5kW,319715,253754,15.25,Poly,RenewSys,1143.75,972.19,232598.5
2019,Telangana,3kW,212641,180478,17.67,Poly,Adani Solar,795.15,675.88,154700.21
2019,Andhra Pradesh,3kW,237864,194318,17.14,Thin-Film,RenewSys,771.3,655.6,173050.41
2019,Madhya Pradesh,5kW,366726,278213,21.11,Mono,Waaree Energies,1583.25,1345.76,266799.87
2019,Andhra Pradesh,3kW,214981,177457,21.95,Thin-Film,Tata Power Solar,987.75,839.59,156402.61
2019,Telangana,5kW,346875,263767,15.81,Poly,Vikram Solar,1185.75,1007.89,252357.9
2019,Andhra Pradesh,3kW,224594,179417,18.73,Thin-Film,RenewSys,842.85,716.42,163396.24
2019,Andhra Pradesh,5kW,362290,283127,17.13,Mono,RenewSys,1284.75,1092.04,263572.6
2019,Telangana,3kW,236484,212023,16.08,Mono,RenewSys,723.6,615.06,172046.43
2019,Maharashtra,5kW,317373,239190,19.49,Poly,Vikram Solar,1461.75,1242.49,230894.66
2019,Telangana,5kW,318984,264149,17.2,Mono,RenewSys,1290.0,1096.5,232066.69
2019,Maharashtra,5kW,341552,276336,20.35,Thin-Film,RenewSys,1526.25,1297.31,248485.32
2019,Telangana,5kW,321138,243127,20.78,Thin-Film,Tata Power Solar,1558.5,1324.72,233633.76
2019,Telangana,3kW,238519,197556,18.54,Mono,Vikram Solar,834.3,709.15,173526.93
2019,Maharashtra,5kW,350108,286237,21.76,Poly,Waaree Energies,1632.0,1387.2,254709.97
2019,Madhya Pradesh,5kW,321916,244505,21.13,Mono,Waaree Energies,1584.75,1347.04,234199.77
2019,Telangana,5kW,345262,277547,16.51,Poly,RenewSys,1238.25,1052.51,251184.41
2019,Andhra Pradesh,5kW,347947,294112,17.71,Thin-Film,Waaree Energies,1328.25,1129.01,253137.8
2019,Telangana,3kW,232913,193557,15.41,Thin-Film,Tata Power Solar,693.45,589.43,169448.46
2019,Maharashtra,5kW,356332,287586,17.08,Poly,Waaree Energies,1281.0,1088.85,259238.04
2019,Maharashtra,3kW,234936,206429,15.85,Mono,Waaree Energies,713.25,606.26,170920.23
2019,Andhra Pradesh,5kW,319074,278658,19.84,Thin-Film,Vikram Solar,1488.0,1264.8,232132.17
2019,Telangana,5kW,356851,267815,20.7,Poly,Vikram Solar,1552.5,1319.62,259615.62
2019,Maharashtra,5kW,351779,307432,19.59,Poly,Tata Power Solar,1469.25,1248.86,255925.65
2019,Andhra Pradesh,3kW,205422,160472,17.83,Thin-Film,Adani Solar,802.35,682.0,149448.26
2019,Madhya Pradesh,3kW,204818,173037,17.9,Mono,Vikram Solar,805.5,684.67,149008.84
2019,Andhra Pradesh,3kW,199956,168350,21.75,Thin-Film,Tata Power Solar,978.75,831.94,145471.64
2019,Maharashtra,5kW,334282,279865,20.53,Thin-Film,Adani Solar,1539.75,1308.79,243196.26
2019,Telangana,5kW,334022,293750,18.75,Thin-Film,Tata Power Solar,1406.25,1195.31,243007.11
2019,Telangana,3kW,212740,164842,19.41,Poly,Adani Solar,873.45,742.43,154772.24
2019,Telangana,5kW,357076,269972,18.41,Poly,Adani Solar,1380.75,1173.64,259779.32
2019,Maharashtra,3kW,194795,156437,18.5,Thin-Film,RenewSys,832.5,707.62,141716.92
2019,Madhya Pradesh,3kW,219300,181309,16.05,Mono,Vikram Solar,722.25,613.91,159544.76
2019,Madhya Pradesh,5kW,338411,271487,20.67,Mono,Waaree Energies,1550.25,1317.71,246200.19
2019,Telangana,5kW,340620,283083,20.5,Poly,Waaree Energies,1537.5,1306.88,247807.27
2019,Telangana,3kW,220911,172744,17.21,Poly,Vikram Solar,774.45,658.28,160716.79
2019,Telangana,5kW,359723,319627,16.96,Thin-Film,Adani Solar,1272.0,1081.2,261705.06
2019,Andhra Pradesh,5kW,338671,258993,18.23,Mono,Tata Power Solar,1367.25,1162.16,246389.34
2019,Maharashtra,3kW,217425,183082,18.15,Mono,Adani Solar,816.75,694.24,158180.66
2019,Telangana,3kW,198080,176291,18.63,Poly,Waaree Energies,838.35,712.6,144106.82
2019,Maharashtra,3kW,220111,165470,18.1,Thin-Film,Adani Solar,814.5,692.32,160134.77
2019,Madhya Pradesh,3kW,218758,173376,15.5,Thin-Film,RenewSys,697.5,592.88,159150.44
2019,Madhya Pradesh,3kW,225479,201728,18.56,Poly,Adani Solar,835.2,709.92,164040.09
2020,Madhya Pradesh,5kW,320142,273887,17.45,Mono,Vikram Solar,1308.75,1112.44,220560.18
2020,Maharashtra,3kW,228278,178610,17.48,Thin-Film,Waaree Energies,786.6,668.61,157270.95
2020,Andhra Pradesh,3kW,231732,185606,20.35,Poly,Adani Solar,915.75,778.39,159650.57
2020,Madhya Pradesh,5kW,352533,312910,18.6,Mono,Waaree Energies,1395.0,1185.75,242875.79
2020,Telangana,3kW,225144,189730,16.44,Mono,Adani Solar,739.8,628.83,155111.8
2020,Telangana,5kW,342125,294533,15.48,Thin-Film,RenewSys,1161.0,986.85,235705.26
2020,Telangana,5kW,330669,253169,17.26,Poly,Adani Solar,1294.5,1100.33,227812.7
2020,Madhya Pradesh,5kW,315978,237932,19.21,Mono,Vikram Solar,1440.75,1224.64,217691.42
2020,Telangana,5kW,357454,293786,19.32,Mono,Tata Power Solar,1449.0,1231.65,246266.09
2020,Andhra Pradesh,3kW,206905,175716,21.5,Poly,Waaree Energies,967.5,822.38,142546.13
2020,Maharashtra,3kW,212168,178985,18.85,Poly,Adani Solar,848.25,721.01,146172.05
2020,Andhra Pradesh,3kW,201889,153140,16.68,Thin-Film,RenewSys,750.6,638.01,139090.39
2020,Telangana,5kW,337935,278996,15.09,Mono,Adani Solar,1131.75,961.99,232818.58
2020,Telangana,3kW,220841,171727,21.03,Poly,Adani Solar,946.35,804.4,152147.27
2020,Telangana,5kW,360408,294957,19.45,Thin-Film,Tata Power Solar,1458.75,1239.94,248301.24
2020,Andhra Pradesh,3kW,205997,159379,20.1,Poly,Waaree Energies,904.5,768.82,141920.57
2020,Maharashtra,3kW,204571,182461,17.24,Thin-Film,Tata Power Solar,775.8,659.43,140938.14
2020,Andhra Pradesh,3kW,233541,191285,20.1,Thin-Film,Tata Power Solar,904.5,768.82,160896.87
2020,Andhra Pradesh,3kW,235268,186121,20.72,Mono,Adani Solar,932.4,792.54,162086.68
2020,Maharashtra,3kW,226850,199037,17.4,Mono,Vikram Solar,783.0,665.55,156287.14
2020,Andhra Pradesh,3kW,217044,176119,18.56,Thin-Film,RenewSys,835.2,709.92,149531.35
2020,Maharashtra,5kW,328450,288137,15.66,Thin-Film,Vikram Solar,1174.5,998.32,226283.94
2020,Madhya Pradesh,3kW,199496,156770,16.12,Poly,RenewSys,725.4,616.59,137441.74
2020,Andhra Pradesh,5kW,346495,269655,20.19,Thin-Film,Waaree Energies,1514.25,1287.11,238715.95
2020,Maharashtra,3kW,228787,202504,17.81,Poly,Vikram Solar,801.45,681.23,157621.63
2020,Andhra Pradesh,5kW,354522,302535,20.2,Poly,Waaree Energies,1515.0,1287.75,244246.11
2020,Andhra Pradesh,3kW,204042,177883,17.49,Thin-Film,Vikram Solar,787.05,668.99,140573.69
2020,Telangana,3kW,209363,188262,20.33,Mono,Adani Solar,914.85,777.62,144239.56
2020,Andhra Pradesh,5kW,336832,302591,20.25,Poly,Waaree Energies,1518.75,1290.94,232058.67
2020,Telangana,3kW,205379,174769,16.04,Poly,Waaree Energies,721.8,613.53,141494.8
2020,Maharashtra,5kW,322087,265622,15.87,Poly,Waaree Energies,1190.25,1011.71,221900.18
2020,Maharashtra,3kW,228019,180520,21.2,Thin-Film,Waaree Energies,954.0,810.9,157092.52
2020,Maharashtra,5kW,311828,249631,15.01,Mono,Tata Power Solar,1125.75,956.89,214832.29
2020,Maharashtra,3kW,204537,165073,17.49,Thin-Film,Vikram Solar,787.05,668.99,140914.71
2020,Telangana,3kW,205379,172446,21.12,Poly,Tata Power Solar,950.4,807.84,141494.8
2020,Telangana,5kW,313586,279176,19.06,Thin-Film,Adani Solar,1429.5,1215.08,216043.46
2020,Maharashtra,5kW,337523,301097,18.41,Poly,Vikram Solar,1380.75,1173.64,232534.73
2020,Andhra Pradesh,5kW,324226,278680,20.78,Thin-Film,Adani Solar,1558.5,1324.72,223373.83
2020,Telangana,3kW,195997,172016,19.87,Mono,Tata Power Solar,894.15,760.03,135031.12
2020,Madhya Pradesh,5kW,331817,263412,20.52,Mono,Waaree Energies,1539.0,1308.15,228603.61
2020,Madhya Pradesh,3kW,206044,180882,17.3,Thin-Film,Waaree Energies,778.5,661.73,141952.95
2020,Maharashtra,3kW,223937,189067,15.44,Poly,Vikram Solar,694.8,590.58,154280.24
2020,Madhya Pradesh,3kW,199518,149687,21.53,Mono,RenewSys,968.85,823.52,137456.9
2020,Telangana,3kW,235253,189278,20.5,Poly,Adani Solar,922.5,784.12,162076.34
2020,Maharashtra,3kW,224501,168674,20.23,Thin-Film,RenewSys,910.35,773.8,154668.81
2020,Maharashtra,3kW,235657,191314,16.29,Thin-Film,RenewSys,733.05,623.09,162354.68
2020,Telangana,5kW,344865,301827,19.9,Thin-Film,RenewSys,1492.5,1268.62,237592.97
2020,Andhra Pradesh,5kW,342373,294111,18.63,Thin-Film,Adani Solar,1397.25,1187.66,235876.12
2020,Telangana,3kW,213284,190159,20.97,Poly,Tata Power Solar,943.65,802.1,146940.91
2020,Andhra Pradesh,3kW,219252,169637,16.3,Mono,Vikram Solar,733.5,623.48,151052.54
2020,Telangana,3kW,238201,180889,19.94,Thin-Film,RenewSys,897.3,762.7,164107.35
2020,Andhra Pradesh,5kW,339309,268328,18.48,Thin-Film,Waaree Energies,1386.0,1178.1,233765.19
2020,Telangana,5kW,313384,281715,15.4,Thin-Film,Adani Solar,1155.0,981.75,215904.29
2020,Andhra Pradesh,5kW,317531,279331,20.26,Thin-Film,Waaree Energies,1519.5,1291.58,218761.35
2020,Madhya Pradesh,3kW,235603,211569,16.98,Poly,RenewSys,764.1,649.49,162317.47
2020,Andhra Pradesh,5kW,319557,275056,16.73,Poly,Waaree Energies,1254.75,1066.54,220157.15
2020,Madhya Pradesh,5kW,327015,246495,17.6,Thin-Film,Vikram Solar,1320.0,1122.0,225295.3
2020,Maharashtra,5kW,317896,249069,15.46,Thin-Film,Adani Solar,1159.5,985.57,219012.81
2020,Telangana,5kW,369063,329582,19.34,Mono,Vikram Solar,1450.5,1232.92,254264.05
2020,Maharashtra,3kW,205892,168859,17.88,Mono,Adani Solar,804.6,683.91,141848.23
2020,Maharashtra,5kW,341358,295097,20.13,Poly,RenewSys,1509.75,1283.29,235176.84
2020,Maharashtra,5kW,364743,297621,21.56,Mono,Adani Solar,1617.0,1374.45,251287.81
2020,Andhra Pradesh,5kW,312539,244356,19.37,Thin-Film,Tata Power Solar,1452.75,1234.84,215322.13
2020,Telangana,5kW,365316,314727,19.58,Mono,Adani Solar,1468.5,1248.22,251682.58
2020,Andhra Pradesh,3kW,221703,188283,17.16,Poly,Waaree Energies,772.2,656.37,152741.14
2020,Telangana,5kW,352891,299101,15.8,Poly,Vikram Solar,1185.0,1007.25,243122.44
2020,Andhra Pradesh,3kW,214259,179399,15.62,Poly,Waaree Energies,702.9,597.46,147612.63
2020,Andhra Pradesh,3kW,192336,158002,15.8,Poly,Waaree Energies,711.0,604.35,132508.9
2020,Andhra Pradesh,5kW,333481,272993,20.54,Thin-Film,RenewSys,1540.5,1309.42,229750.02
2020,Telangana,3kW,191633,170120,18.21,Mono,Vikram Solar,819.45,696.53,132024.57
2020,Telangana,5kW,323140,283993,19.65,Thin-Film,Tata Power Solar,1473.75,1252.69,222625.64
2020,Telangana,5kW,366137,304133,17.88,Mono,Vikram Solar,1341.0,1139.85,252248.2
2020,Telangana,3kW,217733,186469,20.51,Mono,Vikram Solar,922.95,784.51,150006.03
2020,Andhra Pradesh,5kW,314666,261523,15.36,Thin-Film,Tata Power Solar,1152.0,979.2,216787.52
2020,Maharashtra,3kW,227823,193429,21.1,Thin-Film,RenewSys,949.5,807.07,156957.48
2020,Andhra Pradesh,3kW,199283,156733,18.64,Poly,Vikram Solar,838.8,712.98,137295.0
2020,Madhya Pradesh,5kW,340932,273105,16.13,Thin-Film,Tata Power Solar,1209.75,1028.29,234883.35
2020,Andhra Pradesh,3kW,217624,177575,20.26,Mono,Adani Solar,911.7,774.95,149930.93
2020,Telangana,3kW,224881,200193,18.25,Poly,Adani Solar,821.25,698.06,154930.61
2020,Madhya Pradesh,5kW,333648,280728,20.59,Poly,Tata Power Solar,1544.25,1312.61,229865.07
2020,Maharashtra,5kW,336390,261268,17.66,Poly,Tata Power Solar,1324.5,1125.83,231754.16
2020,Maharashtra,3kW,219450,190797,18.66,Mono,Waaree Energies,839.7,713.75,151188.95
2020,Madhya Pradesh,5kW,343243,269918,16.94,Poly,Vikram Solar,1270.5,1079.92,236475.5
2020,Madhya Pradesh,3kW,211384,177690,21.41,Thin-Film,Adani Solar,963.45,818.93,145631.92
2020,Madhya Pradesh,5kW,357657,297878,18.9,Mono,Vikram Solar,1417.5,1204.88,246405.95
2020,Andhra Pradesh,3kW,227711,175661,21.34,Mono,Tata Power Solar,960.3,816.25,156880.32
2020,Andhra Pradesh,3kW,194135,159956,19.19,Poly,RenewSys,863.55,734.02,133748.31
2020,Maharashtra,5kW,343380,271306,20.74,Poly,Tata Power Solar,1555.5,1322.17,236569.88
2020,Telangana,5kW,349901,282616,15.58,Thin-Film,Adani Solar,1168.5,993.23,241062.49
2020,Madhya Pradesh,3kW,205149,174797,21.92,Poly,Vikram Solar,986.4,838.44,141336.35
2020,Telangana,3kW,239821,193007,16.16,Thin-Film,Waaree Energies,727.2,618.12,165223.44
2020,Andhra Pradesh,5kW,336170,294372,15.09,Thin-Film,RenewSys,1131.75,961.99,231602.59
2020,Telangana,3kW,233360,208996,20.76,Mono,Vikram Solar,934.2,794.07,160772.17
2020,Andhra Pradesh,5kW,333172,251205,17.36,Poly,Tata Power Solar,1302.0,1106.7,229537.13
2020,Telangana,5kW,354517,290307,19.97,Thin-Film,Adani Solar,1497.75,1273.09,244242.66
2020,Madhya Pradesh,3kW,220090,168326,19.56,Poly,Waaree Energies,880.2,748.17,151629.87
2020,Telangana,3kW,206087,170200,20.8,Poly,RenewSys,936.0,795.6,141982.58
2020,Madhya Pradesh,5kW,351945,303851,15.79,Poly,Adani Solar,1184.25,1006.61,242470.7
2020,Andhra Pradesh,5kW,340112,293863,15.99,Mono,RenewSys,1199.25,1019.36,234318.41
2020,Telangana,3kW,203230,177076,19.3,Mono,Waaree Energies,868.5,738.23,140014.26
2021,Maharashtra,5kW,351855,298071,20.89,Thin-Film,Adani Solar,1566.75,1331.74,199564.81
2021,Maharashtra,5kW,350718,302285,15.22,Thin-Film,Adani Solar,1141.5,970.27,198919.92
2021,Telangana,5kW,332433,282978,19.8,Poly,Adani Solar,1485.0,1262.25,188549.05
2021,Madhya Pradesh,3kW,191958,167949,19.59,Thin-Film,Tata Power Solar,881.55,749.32,108874.57
2021,Telangana,5kW,346598,297418,19.5,Poly,Vikram Solar,1462.5,1243.12,196583.14
2021,Madhya Pradesh,5kW,332424,288434,17.52,Thin-Film,Tata Power Solar,1314.0,1116.9,188543.95
2021,Telangana,3kW,199528,170478,19.57,Poly,Adani Solar,880.65,748.55,113168.11
2021,Andhra Pradesh,5kW,326843,282747,20.65,Mono,RenewSys,1548.75,1316.44,185378.52
2021,Madhya Pradesh,3kW,200449,160837,21.12,Mono,RenewSys,950.4,807.84,113690.49
2021,Maharashtra,3kW,207761,173052,18.22,Thin-Film,Adani Solar,819.9,696.91,117837.7
2021,Madhya Pradesh,3kW,199031,175281,17.89,Mono,Waaree Energies,805.05,684.29,112886.23
2021,Maharashtra,5kW,332010,277765,15.29,Thin-Film,RenewSys,1146.75,974.74,188309.14
2021,Madhya Pradesh,5kW,314249,237277,15.89,Thin-Film,RenewSys,1191.75,1012.99,178235.47
2021,Telangana,3kW,205282,159318,19.9,Thin-Film,RenewSys,895.5,761.17,116431.66
2021,Madhya Pradesh,5kW,320412,242096,20.09,Mono,Tata Power Solar,1506.75,1280.74,181730.99
2021,Maharashtra,5kW,323686,265454,19.45,Mono,Waaree Energies,1458.75,1239.94,183587.94
2021,Madhya Pradesh,5kW,368487,292743,18.78,Thin-Film,Adani Solar,1408.5,1197.22,208998.13
2021,Madhya Pradesh,3kW,239437,213836,18.97,Mono,Adani Solar,853.65,725.6,135803.66
2021,Madhya Pradesh,3kW,236733,191812,17.08,Poly,RenewSys,768.6,653.31,134270.01
2021,Maharashtra,5kW,369613,299452,15.45,Thin-Film,Tata Power Solar,1158.75,984.94,209636.77
2021,Madhya Pradesh,5kW,324849,259823,19.15,Thin-Film,Tata Power Solar,1436.25,1220.81,184247.57
2021,Telangana,5kW,362350,292080,18.72,Thin-Film,Tata Power Solar,1404.0,1193.4,205517.35
2021,Andhra Pradesh,3kW,199885,167028,16.87,Mono,Adani Solar,759.15,645.28,113370.6
2021,Andhra Pradesh,5kW,311492,255978,15.45,Poly,Waaree Energies,1158.75,984.94,176671.76
2021,Madhya Pradesh,3kW,232946,192586,20.16,Poly,RenewSys,907.2,771.12,132122.1
2021,Telangana,3kW,220600,176396,20.81,Mono,Vikram Solar,936.45,795.98,125119.71
2021,Madhya Pradesh,5kW,354096,317350,19.86,Mono,Adani Solar,1489.5,1266.08,200835.85
2021,Madhya Pradesh,5kW,316581,264285,20.42,Poly,Vikram Solar,1531.5,1301.77,179558.13
2021,Telangana,3kW,216649,189627,16.19,Thin-Film,Tata Power Solar,728.55,619.27,122878.79
2021,Telangana,3kW,232533,188641,19.92,Mono,Waaree Energies,896.4,761.94,131887.86
2021,Madhya Pradesh,3kW,207862,182969,16.64,Thin-Film,Adani Solar,748.8,636.48,117894.98
2021,Madhya Pradesh,3kW,198770,159446,21.65,Mono,Adani Solar,974.25,828.11,112738.19
2021,Andhra Pradesh,3kW,201190,151380,16.88,Thin-Film,RenewSys,759.6,645.66,114110.77
2021,Andhra Pradesh,5kW,312261,269119,17.53,Mono,Vikram Solar,1314.75,1117.54,177107.92
2021,Madhya Pradesh,5kW,351689,268652,16.67,Poly,Vikram Solar,1250.25,1062.71,199470.65
2021,Andhra Pradesh,3kW,235496,200241,18.37,Thin-Film,Adani Solar,826.65,702.65,133568.41
2021,Madhya Pradesh,5kW,315410,262698,18.32,Thin-Film,Vikram Solar,1374.0,1167.9,178893.96
2021,Telangana,3kW,211180,189887,15.05,Thin-Film,RenewSys,677.25,575.66,119776.88
2021,Andhra Pradesh,5kW,347418,268697,16.99,Mono,Tata Power Solar,1274.25,1083.11,197048.23
2021,Maharashtra,3kW,193828,157813,18.59,Thin-Film,Tata Power Solar,836.55,711.07,109935.19
2021,Maharashtra,5kW,337005,289260,20.72,Poly,RenewSys,1554.0,1320.9,191142.2
2021,Telangana,3kW,223623,183429,21.16,Mono,Waaree Energies,952.2,809.37,126834.29
2021,Maharashtra,3kW,212054,175149,19.92,Mono,Adani Solar,896.4,761.94,120272.6
2021,Maharashtra,3kW,207740,158004,16.16,Thin-Film,RenewSys,727.2,618.12,117825.79
2021,Madhya Pradesh,5kW,318210,266770,21.35,Mono,RenewSys,1601.25,1361.06,180482.06
2021,Telangana,3kW,234299,187160,17.08,Poly,Adani Solar,768.6,653.31,132889.5
2021,Andhra Pradesh,3kW,223755,173817,15.01,Thin-Film,Adani Solar,675.45,574.13,126909.16
2021,Maharashtra,5kW,323654,256451,20.81,Thin-Film,Vikram Solar,1560.75,1326.64,183569.79
2021,Telangana,3kW,191875,152926,15.8,Mono,RenewSys,711.0,604.35,108827.49
2021,Andhra Pradesh,3kW,214995,181593,15.85,Poly,Waaree Energies,713.25,606.26,121940.67
2021,Madhya Pradesh,5kW,323395,247381,17.83,Poly,Tata Power Solar,1337.25,1136.66,183422.89
2021,Maharashtra,3kW,204376,155068,19.68,Thin-Film,Waaree Energies,885.6,752.76,115917.8
2021,Telangana,5kW,361649,277310,19.19,Mono,Adani Solar,1439.25,1223.36,205119.76
2021,Andhra Pradesh,5kW,314658,240086,19.29,Mono,Waaree Energies,1446.75,1229.74,178467.44
2021,Madhya Pradesh,3kW,209539,168536,20.19,Poly,RenewSys,908.55,772.27,118846.14
2021,Telangana,5kW,343154,281353,15.99,Poly,Vikram Solar,1199.25,1019.36,194629.78
2021,Telangana,3kW,218669,179336,18.14,Mono,RenewSys,816.3,693.85,124024.49
2021,Maharashtra,3kW,191998,171538,15.86,Thin-Film,Tata Power Solar,713.7,606.64,108897.25
2021,Telangana,3kW,229832,181710,19.57,Thin-Film,Tata Power Solar,880.65,748.55,130355.91
2021,Madhya Pradesh,3kW,203749,157339,17.83,Poly,Waaree Energies,802.35,682.0,115562.18
2021,Telangana,3kW,224888,192066,20.52,Mono,Vikram Solar,923.4,784.89,127551.78
2021,Madhya Pradesh,5kW,352849,297227,18.15,Poly,Tata Power Solar,1361.25,1157.06,200128.58
2021,Madhya Pradesh,3kW,193134,170956,21.23,Poly,Vikram Solar,955.35,812.05,109541.57
2021,Madhya Pradesh,5kW,359146,290850,19.94,Poly,Adani Solar,1495.5,1271.17,203700.11
2021,Telangana,5kW,355734,292857,16.16,Poly,Tata Power Solar,1212.0,1030.2,201764.89
2021,Maharashtra,5kW,349332,267757,17.42,Poly,Adani Solar,1306.5,1110.52,198133.81
2021,Madhya Pradesh,3kW,238796,196389,17.65,Thin-Film,Adani Solar,794.25,675.11,135440.1
2021,Maharashtra,3kW,234014,208095,17.87,Thin-Film,Waaree Energies,804.15,683.53,132727.85
2021,Telangana,3kW,198767,160828,17.55,Thin-Film,RenewSys,789.75,671.29,112736.49
2021,Madhya Pradesh,5kW,358613,298330,19.82,Mono,Waaree Energies,1486.5,1263.52,203397.8
2021,Telangana,5kW,349748,302786,21.84,Thin-Film,Vikram Solar,1638.0,1392.3,198369.76
2021,Maharashtra,3kW,194652,163968,15.27,Mono,Waaree Energies,687.15,584.08,110402.55
2021,Andhra Pradesh,3kW,196591,164719,17.77,Poly,Tata Power Solar,799.65,679.7,111502.31
2021,Andhra Pradesh,3kW,192169,169604,21.69,Thin-Film,Adani Solar,976.05,829.64,108994.24
2021,Telangana,3kW,217734,181455,21.96,Poly,Vikram Solar,988.2,839.97,123494.18
2021,Telangana,3kW,215372,184517,21.73,Thin-Film,Tata Power Solar,977.85,831.17,122154.5
2021,Madhya Pradesh,3kW,226575,192349,18.79,Thin-Film,Vikram Solar,845.55,718.72,128508.61
2021,Telangana,3kW,192352,157759,16.18,Poly,RenewSys,728.1,618.88,109098.04
2021,Telangana,3kW,200582,167272,17.12,Mono,Vikram Solar,770.4,654.84,113765.92
2021,Madhya Pradesh,3kW,194857,173686,17.4,Thin-Film,Vikram Solar,783.0,665.55,110518.82
2021,Madhya Pradesh,3kW,198491,153909,18.81,Thin-Film,RenewSys,846.45,719.48,112579.95
2021,Telangana,5kW,340654,299475,18.11,Mono,RenewSys,1358.25,1154.51,193211.83
2021,Maharashtra,5kW,336762,292613,20.48,Thin-Film,Vikram Solar,1536.0,1305.6,191004.37
2021,Maharashtra,5kW,367169,296117,18.99,Thin-Film,Adani Solar,1424.25,1210.61,208250.59
2021,Andhra Pradesh,3kW,202452,160013,16.04,Thin-Film,Adani Solar,721.8,613.53,114826.55
2021,Telangana,3kW,225428,184523,16.59,Poly,Waaree Energies,746.55,634.57,127858.05
2021,Madhya Pradesh,3kW,191140,154848,17.47,Mono,RenewSys,786.15,668.23,108410.61
2021,Maharashtra,5kW,320485,282155,20.53,Mono,RenewSys,1539.75,1308.79,181772.4
2021,Madhya Pradesh,3kW,215552,171986,18.27,Poly,Waaree Energies,822.15,698.83,122256.59
2021,Andhra Pradesh,5kW,323893,284274,18.24,Poly,Adani Solar,1368.0,1162.8,183705.34
2021,Madhya Pradesh,5kW,348635,274308,18.44,Thin-Film,RenewSys,1383.0,1175.55,197738.49
2021,Maharashtra,5kW,348115,298380,16.42,Poly,Adani Solar,1231.5,1046.77,197443.56
2021,Madhya Pradesh,3kW,210878,170629,21.43,Thin-Film,Vikram Solar,964.35,819.7,119605.6
2021,Maharashtra,5kW,346304,266710,21.87,Mono,RenewSys,1640.25,1394.21,196416.39
2021,Andhra Pradesh,5kW,328354,265862,19.14,Poly,Tata Power Solar,1435.5,1220.17,186235.53
2021,Maharashtra,3kW,209503,157249,15.42,Poly,RenewSys,693.9,589.81,118825.72
2021,Telangana,3kW,192384,148704,21.25,Mono,Adani Solar,956.25,812.81,109116.19
2021,Maharashtra,3kW,238933,205862,15.22,Mono,Tata Power Solar,684.9,582.16,135517.81
2021,Maharashtra,5kW,360876,274642,15.13,Thin-Film,RenewSys,1134.75,964.54,204681.33
2021,Madhya Pradesh,5kW,346188,309982,21.1,Mono,Tata Power Solar,1582.5,1345.12,196350.6
2022,Andhra Pradesh,5kW,336943,288116,17.51,Poly,Tata Power Solar,1313.25,1116.26,205878.35
2022,Andhra Pradesh,3kW,205906,178807,21.7,Poly,Tata Power Solar,976.5,830.02,125812.34
2022,Maharashtra,3kW,202306,175986,21.96,Poly,RenewSys,988.2,839.97,123612.67
2022,Madhya Pradesh,3kW,200886,179466,17.39,Thin-Film,Tata Power Solar,782.55,665.17,122745.03
2022,Telangana,3kW,210620,165754,20.38,Poly,Tata Power Solar,917.1,779.53,128692.68
2022,Madhya Pradesh,3kW,201390,154533,19.9,Mono,Waaree Energies,895.5,761.17,123052.98
2022,Maharashtra,5kW,338182,279627,15.54,Mono,Waaree Energies,1165.5,990.67,206635.4
2022,Madhya Pradesh,5kW,318605,285573,17.14,Thin-Film,Tata Power Solar,1285.5,1092.67,194673.49
2022,Madhya Pradesh,3kW,231869,180571,21.63,Mono,Adani Solar,973.35,827.35,141676.21
2022,Andhra Pradesh,3kW,218220,193093,21.08,Thin-Film,Adani Solar,948.6,806.31,133336.42
2022,Andhra Pradesh,5kW,315776,260485,20.56,Thin-Film,Adani Solar,1542.0,1310.7,192944.92
2022,Madhya Pradesh,5kW,350123,307485,19.97,Thin-Film,RenewSys,1497.75,1273.09,213931.57
2022,Madhya Pradesh,3kW,220622,190869,16.97,Thin-Film,Vikram Solar,763.65,649.1,134804.09
2022,Madhya Pradesh,3kW,194727,163421,21.34,Mono,Vikram Solar,960.3,816.25,118981.77
2022,Telangana,3kW,218454,189202,19.48,Mono,Adani Solar,876.6,745.11,133479.4
2022,Telangana,3kW,224324,194669,17.91,Thin-Film,Adani Solar,805.95,685.06,137066.08
2022,Telangana,5kW,340750,261253,18.52,Mono,Vikram Solar,1389.0,1180.65,208204.49
2022,Andhra Pradesh,5kW,325369,252741,18.88,Mono,Waaree Energies,1416.0,1203.6,198806.42
2022,Madhya Pradesh,5kW,322145,278239,20.0,Mono,Vikram Solar,1500.0,1275.0,196836.5
2022,Madhya Pradesh,3kW,204743,175363,18.94,Thin-Film,RenewSys,852.3,724.45,125101.73
2022,Madhya Pradesh,3kW,195590,154888,17.81,Poly,RenewSys,801.45,681.23,119509.07
2022,Maharashtra,5kW,325649,286546,19.41,Mono,RenewSys,1455.75,1237.39,198977.51
2022,Maharashtra,3kW,204027,171307,15.72,Mono,Tata Power Solar,707.4,601.29,124664.24
2022,Telangana,5kW,361036,322395,16.93,Poly,Tata Power Solar,1269.75,1079.29,220599.61
2022,Andhra Pradesh,3kW,217990,177119,18.27,Mono,Vikram Solar,822.15,698.83,133195.89
2022,Andhra Pradesh,3kW,205275,161934,17.21,Poly,RenewSys,774.45,658.28,125426.79
2022,Maharashtra,3kW,209008,184033,18.95,Mono,Waaree Energies,852.75,724.84,127707.72
2022,Andhra Pradesh,5kW,315571,246669,21.24,Mono,RenewSys,1593.0,1354.05,192819.66
2022,Telangana,3kW,192224,162122,21.55,Poly,Tata Power Solar,969.75,824.29,117452.39
2022,Maharashtra,3kW,233408,186013,18.46,Thin-Film,Adani Solar,830.7,706.1,142616.57
2022,Telangana,5kW,336586,260303,19.73,Thin-Film,Tata Power Solar,1479.75,1257.79,205660.21
2022,Maharashtra,3kW,210180,166681,19.66,Thin-Film,Adani Solar,884.7,752.0,128423.83
2022,Telangana,5kW,334427,294483,19.73,Poly,Adani Solar,1479.75,1257.79,204341.03
2022,Telangana,5kW,315832,279257,20.47,Poly,Tata Power Solar,1535.25,1304.96,192979.14
2022,Madhya Pradesh,3kW,235968,199627,21.7,Thin-Film,Tata Power Solar,976.5,830.02,144180.77
2022,Madhya Pradesh,5kW,332056,275143,15.78,Thin-Film,Adani Solar,1183.5,1005.98,202892.3
2022,Madhya Pradesh,5kW,367570,310423,15.37,Mono,Vikram Solar,1152.75,979.84,224592.01
2022,Telangana,3kW,192257,157110,17.91,Thin-Film,Waaree Energies,805.95,685.06,117472.55
2022,Andhra Pradesh,5kW,339320,271930,18.31,Poly,Vikram Solar,1373.25,1167.26,207330.74
2022,Madhya Pradesh,5kW,361168,281914,20.28,Poly,Tata Power Solar,1521.0,1292.85,220680.27
2022,Telangana,5kW,330360,290554,19.56,Thin-Film,Waaree Energies,1467.0,1246.95,201856.01
2022,Andhra Pradesh,3kW,239131,213345,19.78,Poly,RenewSys,890.1,756.59,146113.42
2022,Andhra Pradesh,5kW,364336,279251,17.01,Thin-Film,Tata Power Solar,1275.75,1084.39,222615.97
2022,Maharashtra,3kW,197480,153343,20.47,Poly,Vikram Solar,921.15,782.98,120663.9
2022,Telangana,5kW,367134,284410,15.1,Thin-Film,RenewSys,1132.5,962.62,224325.6
2022,Telangana,5kW,328199,254111,19.97,Thin-Film,Vikram Solar,1497.75,1273.09,200535.6
2022,Andhra Pradesh,5kW,327058,270172,17.83,Thin-Film,Adani Solar,1337.25,1136.66,199838.43
2022,Telangana,5kW,346021,297577,20.07,Poly,Tata Power Solar,1505.25,1279.46,211425.17
2022,Telangana,5kW,311401,256016,19.74,Poly,Waaree Energies,1480.5,1258.42,190271.72
2022,Madhya Pradesh,3kW,209611,180247,16.54,Thin-Film,Adani Solar,744.3,632.65,128076.16
2022,Madhya Pradesh,5kW,365243,321840,15.12,Mono,Tata Power Solar,1134.0,963.9,223170.17
2022,Maharashtra,3kW,238861,201799,16.27,Thin-Film,Tata Power Solar,732.15,622.33,145948.45
2022,Maharashtra,5kW,340431,291410,20.41,Poly,Tata Power Solar,1530.75,1301.14,208009.58
2022,Andhra Pradesh,3kW,210093,171100,18.98,Thin-Film,Waaree Energies,854.1,725.99,128370.67
2022,Telangana,5kW,360124,271486,20.93,Poly,Adani Solar,1569.75,1334.29,220042.36
2022,Telangana,5kW,314426,243848,19.24,Poly,Vikram Solar,1443.0,1226.55,192120.05
2022,Madhya Pradesh,5kW,321308,269994,17.12,Poly,Adani Solar,1284.0,1091.4,196325.08
2022,Maharashtra,3kW,231448,175760,19.22,Thin-Film,Tata Power Solar,864.9,735.16,141418.97
2022,Telangana,3kW,228011,189004,15.4,Thin-Film,RenewSys,693.0,589.05,139318.9
2022,Andhra Pradesh,5kW,334968,289454,18.72,Poly,RenewSys,1404.0,1193.4,204671.59
2022,Madhya Pradesh,5kW,365835,286617,16.43,Thin-Film,Waaree Energies,1232.25,1047.41,223531.89
2022,Andhra Pradesh,5kW,353369,270535,20.93,Thin-Film,Waaree Energies,1569.75,1334.29,215914.94
2022,Maharashtra,3kW,222082,194978,20.68,Mono,Tata Power Solar,930.6,791.01,135696.17
2022,Madhya Pradesh,5kW,364254,318874,19.5,Thin-Film,Waaree Energies,1462.5,1243.12,222565.87
2022,Telangana,3kW,222430,169575,17.03,Mono,RenewSys,766.35,651.4,135908.81
2022,Madhya Pradesh,3kW,208990,186190,19.83,Poly,Adani Solar,892.35,758.5,127696.72
2022,Andhra Pradesh,3kW,206241,185374,19.42,Thin-Film,Adani Solar,873.9,742.81,126017.03
2022,Maharashtra,5kW,364837,305607,17.11,Poly,RenewSys,1283.25,1090.76,222922.09
2022,Andhra Pradesh,3kW,209167,172543,19.76,Thin-Film,Vikram Solar,889.2,755.82,127804.87
2022,Telangana,5kW,354605,276221,18.22,Thin-Film,Waaree Energies,1366.5,1161.52,216670.15
2022,Andhra Pradesh,5kW,311932,259281,18.93,Mono,RenewSys,1419.75,1206.79,190596.17
2022,Andhra Pradesh,3kW,233527,202846,15.35,Thin-Film,Waaree Energies,690.75,587.14,142689.28
2022,Telangana,3kW,218399,163963,18.69,Thin-Film,Tata Power Solar,841.05,714.89,133445.79
2022,Maharashtra,5kW,354523,267986,16.38,Poly,Waaree Energies,1228.5,1044.22,216620.05
2022,Maharashtra,5kW,341279,286332,21.67,Thin-Film,Adani Solar,1625.25,1381.46,208527.72
2022,Andhra Pradesh,3kW,195451,168296,18.06,Thin-Film,Vikram Solar,812.7,690.8,119424.14
2022,Maharashtra,3kW,221030,191833,15.09,Mono,Vikram Solar,679.05,577.19,135053.38
2022,Andhra Pradesh,5kW,310619,242627,21.36,Thin-Film,Tata Power Solar,1602.0,1361.7,189793.9
2022,Andhra Pradesh,3kW,219290,184361,21.67,Poly,Waaree Energies,975.15,828.88,133990.21
2022,Andhra Pradesh,3kW,198711,174021,18.34,Thin-Film,Vikram Solar,825.3,701.5,121416.06
2022,Madhya Pradesh,5kW,355550,307619,18.21,Mono,Tata Power Solar,1365.75,1160.89,217247.57
2022,Telangana,3kW,226435,184598,20.4,Thin-Film,RenewSys,918.0,780.3,138355.93
2022,Andhra Pradesh,5kW,322424,249778,20.49,Poly,Tata Power Solar,1536.75,1306.24,197006.97
2022,Madhya Pradesh,5kW,325515,281797,19.44,Mono,RenewSys,1458.0,1239.3,198895.63
2022,Madhya Pradesh,5kW,314967,243404,20.1,Thin-Film,Vikram Solar,1507.5,1281.38,192450.61
2022,Maharashtra,5kW,337236,291078,17.82,Mono,Adani Solar,1336.5,1136.02,206057.38
2022,Madhya Pradesh,3kW,191196,168677,17.02,Poly,RenewSys,765.9,651.01,116824.26
2022,Madhya Pradesh,3kW,215242,162889,18.46,Thin-Film,Waaree Energies,830.7,706.1,131516.81
2022,Telangana,3kW,210208,169150,15.64,Mono,RenewSys,703.8,598.23,128440.94
2022,Andhra Pradesh,3kW,230546,174606,19.04,Mono,Tata Power Solar,856.8,728.28,140867.83
2022,Andhra Pradesh,3kW,235740,203290,18.95,Mono,Tata Power Solar,852.75,724.84,144041.46
2022,Maharashtra,5kW,362160,312884,16.34,Poly,Waaree Energies,1225.5,1041.67,221286.4
2022,Telangana,5kW,362851,325068,20.88,Mono,Tata Power Solar,1566.0,1331.1,221708.61
2022,Telangana,3kW,236980,212001,16.23,Mono,Vikram Solar,730.35,620.8,144799.12
2022,Andhra Pradesh,5kW,344540,298463,18.02,Thin-Film,Waaree Energies,1351.5,1148.77,210520.25
2022,Madhya Pradesh,3kW,192871,156801,18.62,Mono,RenewSys,837.9,712.21,117847.72
2022,Andhra Pradesh,3kW,233410,205033,18.01,Poly,Vikram Solar,810.45,688.88,142617.79
2022,Maharashtra,3kW,229065,175490,17.94,Mono,Tata Power Solar,807.3,686.2,139962.91
2022,Madhya Pradesh,3kW,199065,152616,18.81,Poly,Waaree Energies,846.45,719.48,121632.36
2022,Telangana,3kW,229464,196339,19.16,Thin-Film,Tata Power Solar,862.2,732.87,140206.71
2023,Andhra Pradesh,5kW,354525,315288,15.48,Thin-Film,Tata Power Solar,1161.0,986.85,166613.38
2023,Maharashtra,3kW,225236,187171,15.67,Mono,Adani Solar,705.15,599.38,105852.43
2023,Maharashtra,5kW,324270,275685,19.86,Mono,Vikram Solar,1489.5,1266.08,152394.67
2023,Madhya Pradesh,5kW,322265,250168,18.61,Thin-Film,Waaree Energies,1395.75,1186.39,151452.4
2023,Telangana,3kW,226020,193841,17.98,Mono,Vikram Solar,809.1,687.74,106220.88
2023,Telangana,3kW,227044,178267,15.0,Poly,RenewSys,675.0,573.75,106702.12
2023,Telangana,5kW,324901,274760,20.06,Poly,RenewSys,1504.5,1278.83,152691.22
2023,Madhya Pradesh,3kW,236694,202224,17.13,Thin-Film,Adani Solar,770.85,655.22,111237.25
2023,Maharashtra,5kW,348578,311006,16.34,Mono,Waaree Energies,1225.5,1041.67,163818.52
2023,Madhya Pradesh,5kW,330466,264552,20.19,Poly,Adani Solar,1514.25,1287.11,155306.56
2023,Telangana,3kW,217990,176256,21.27,Thin-Film,Adani Solar,957.15,813.58,102447.08
2023,Telangana,3kW,215711,167711,16.27,Mono,Tata Power Solar,732.15,622.33,101376.04
2023,Andhra Pradesh,5kW,346218,259687,17.84,Mono,Waaree Energies,1338.0,1137.3,162709.4
2023,Madhya Pradesh,5kW,315141,265040,19.13,Thin-Film,Tata Power Solar,1434.75,1219.54,148104.39
2023,Telangana,5kW,354602,297096,20.28,Poly,Adani Solar,1521.0,1292.85,166649.57
2023,Madhya Pradesh,3kW,220881,172928,19.09,Poly,Waaree Energies,859.05,730.19,103805.74
2023,Maharashtra,5kW,322297,266771,17.53,Thin-Film,Tata Power Solar,1314.75,1117.54,151467.44
2023,Madhya Pradesh,5kW,323422,256420,20.31,Poly,Tata Power Solar,1523.25,1294.76,151996.14
2023,Andhra Pradesh,3kW,228078,187860,17.58,Thin-Film,Vikram Solar,791.1,672.43,107188.06
2023,Telangana,3kW,219783,192562,16.26,Poly,RenewSys,731.7,621.95,103289.72
2023,Maharashtra,3kW,213749,162844,19.86,Poly,Waaree Energies,893.7,759.64,100453.97
2023,Maharashtra,3kW,226432,202740,15.36,Poly,Tata Power Solar,691.2,587.52,106414.5
2023,Telangana,3kW,227125,181751,16.1,Poly,RenewSys,724.5,615.82,106740.19
2023,Telangana,3kW,231520,183118,18.93,Mono,RenewSys,851.85,724.07,108805.67
2023,Maharashtra,5kW,363312,309978,18.38,Mono,Adani Solar,1378.5,1171.72,170742.94
2023,Madhya Pradesh,5kW,343919,262758,15.11,Thin-Film,Tata Power Solar,1133.25,963.26,161628.96
2023,Maharashtra,5kW,346258,311039,19.93,Poly,Waaree Energies,1494.75,1270.54,162728.2
2023,Andhra Pradesh,5kW,347564,307723,18.91,Thin-Film,Waaree Energies,1418.25,1205.51,163341.97
2023,Telangana,3kW,194997,159514,21.77,Thin-Film,Waaree Energies,979.65,832.7,91641.24
2023,Maharashtra,3kW,208624,178097,18.38,Mono,Tata Power Solar,827.1,703.03,98045.41
2023,Madhya Pradesh,3kW,238367,185926,18.87,Poly,Tata Power Solar,849.15,721.78,112023.5
2023,Madhya Pradesh,5kW,314986,241940,20.66,Mono,Waaree Energies,1549.5,1317.08,148031.54
2023,Maharashtra,5kW,369819,316747,21.1,Mono,Vikram Solar,1582.5,1345.12,173800.98
2023,Maharashtra,3kW,210452,187168,17.19,Mono,RenewSys,773.55,657.52,98904.5
2023,Maharashtra,3kW,201889,156479,21.34,Poly,Adani Solar,960.3,816.25,94880.22
2023,Andhra Pradesh,5kW,347327,304111,16.31,Mono,RenewSys,1223.25,1039.76,163230.59
2023,Madhya Pradesh,5kW,358692,306317,17.47,Thin-Film,Vikram Solar,1310.25,1113.71,168571.71
2023,Telangana,5kW,329552,275313,21.15,Poly,Waaree Energies,1586.25,1348.31,154877.01
2023,Telangana,5kW,310887,243249,17.0,Thin-Film,Tata Power Solar,1275.0,1083.75,146105.17
2023,Madhya Pradesh,3kW,206402,164784,15.5,Thin-Film,Tata Power Solar,697.5,592.88,97001.16
2023,Andhra Pradesh,3kW,197846,150033,19.49,Poly,Vikram Solar,877.05,745.49,92980.16
2023,Andhra Pradesh,3kW,205950,181765,20.47,Poly,Waaree Energies,921.15,782.98,96788.73
2023,Madhya Pradesh,5kW,366796,324538,16.94,Thin-Film,Waaree Energies,1270.5,1079.92,172380.29
2023,Andhra Pradesh,3kW,219240,196938,18.15,Mono,Adani Solar,816.75,694.24,103034.53
2023,Andhra Pradesh,3kW,200561,151302,15.79,Thin-Film,RenewSys,710.55,603.97,94256.11
2023,Andhra Pradesh,3kW,191988,167322,19.08,Mono,RenewSys,858.6,729.81,90227.12
2023,Telangana,3kW,212192,178317,16.85,Thin-Film,Tata Power Solar,758.25,644.51,99722.24
2023,Andhra Pradesh,5kW,342088,269899,19.41,Mono,Waaree Energies,1455.75,1237.39,160768.46
2023,Madhya Pradesh,5kW,332693,251089,19.23,Poly,Vikram Solar,1442.25,1225.91,156353.16
2023,Maharashtra,3kW,219340,166955,15.48,Mono,Tata Power Solar,696.6,592.11,103081.53
2023,Telangana,5kW,361347,292742,19.37,Mono,Tata Power Solar,1452.75,1234.84,169819.46
2023,Maharashtra,5kW,340109,273364,19.93,Thin-Film,Tata Power Solar,1494.75,1270.54,159838.4
2023,Andhra Pradesh,3kW,191306,152776,19.95,Mono,Adani Solar,897.75,763.09,89906.61
2023,Madhya Pradesh,5kW,355800,292160,16.75,Mono,Tata Power Solar,1256.25,1067.81,167212.58
2023,Andhra Pradesh,3kW,230387,174631,15.74,Thin-Film,Adani Solar,708.3,602.05,108273.2
2023,Andhra Pradesh,3kW,205438,178327,21.57,Mono,Adani Solar,970.65,825.05,96548.11
2023,Telangana,3kW,224039,181888,19.91,Poly,Tata Power Solar,895.95,761.56,105289.88
2023,Telangana,3kW,231243,186353,17.7,Mono,Adani Solar,796.5,677.02,108675.49
2023,Maharashtra,3kW,190082,143770,17.79,Mono,Adani Solar,800.55,680.47,89331.37
2023,Telangana,5kW,322905,254800,16.5,Mono,RenewSys,1237.5,1051.88,151753.17
2023,Andhra Pradesh,3kW,227705,204650,18.04,Thin-Film,Vikram Solar,811.8,690.03,107012.76
2023,Maharashtra,5kW,317674,281889,20.65,Thin-Film,Waaree Energies,1548.75,1316.44,149294.8
2023,Maharashtra,3kW,219315,183092,20.06,Mono,RenewSys,902.7,767.3,103069.78
2023,Andhra Pradesh,3kW,219943,190387,18.83,Poly,Vikram Solar,847.35,720.25,103364.92
2023,Telangana,5kW,314017,248981,15.64,Poly,Adani Solar,1173.0,997.05,147576.15
2023,Telangana,3kW,191134,150841,15.1,Mono,Adani Solar,679.5,577.57,89825.77
2023,Maharashtra,3kW,212520,190763,15.54,Thin-Film,Waaree Energies,699.3,594.4,99876.39
2023,Andhra Pradesh,5kW,320442,266338,20.13,Mono,Tata Power Solar,1509.75,1283.29,150595.66
2023,Andhra Pradesh,3kW,210810,170920,17.61,Poly,Waaree Energies,792.45,673.58,99072.75
2023,Maharashtra,5kW,311361,242623,20.76,Thin-Film,RenewSys,1557.0,1323.45,146327.93
2023,Maharashtra,3kW,204924,160247,17.78,Poly,Waaree Energies,800.1,680.09,96306.55
2023,Andhra Pradesh,3kW,191014,150769,18.65,Mono,RenewSys,839.25,713.36,89769.38
2023,Maharashtra,5kW,326873,273225,16.44,Thin-Film,Adani Solar,1233.0,1048.05,153617.98
2023,Maharashtra,3kW,206678,177675,17.58,Thin-Film,Vikram Solar,791.1,672.43,97130.87
2023,Andhra Pradesh,3kW,211128,188906,20.51,Poly,Adani Solar,922.95,784.51,99222.2
2023,Andhra Pradesh,3kW,210025,181197,19.94,Mono,Tata Power Solar,897.3,762.7,98703.83
2023,Andhra Pradesh,5kW,353427,289720,16.01,Thin-Film,Vikram Solar,1200.75,1020.64,166097.36
2023,Maharashtra,5kW,317697,246624,17.05,Thin-Film,RenewSys,1278.75,1086.94,149305.61
2023,Maharashtra,5kW,317352,276043,19.13,Thin-Film,Tata Power Solar,1434.75,1219.54,149143.47
2023,Maharashtra,3kW,219493,196611,16.47,Mono,Vikram Solar,741.15,629.98,103153.43
2023,Telangana,3kW,225842,189379,19.59,Mono,Adani Solar,881.55,749.32,106137.22
2023,Telangana,5kW,341781,301867,18.61,Thin-Film,Waaree Energies,1395.75,1186.39,160624.18
2023,Telangana,5kW,357963,286501,21.17,Poly,Vikram Solar,1587.75,1349.59,168229.11
2023,Telangana,3kW,205954,181947,17.02,Thin-Film,RenewSys,765.9,651.01,96790.61
2023,Madhya Pradesh,5kW,321707,268144,18.87,Mono,Vikram Solar,1415.25,1202.96,151190.16
2023,Telangana,3kW,222828,188720,20.8,Thin-Film,Tata Power Solar,936.0,795.6,104720.76
2023,Telangana,3kW,236390,205089,20.67,Mono,RenewSys,930.15,790.63,111094.39
2023,Telangana,5kW,348889,294452,16.9,Thin-Film,RenewSys,1267.5,1077.38,163964.67
2023,Madhya Pradesh,3kW,213408,188783,17.75,Poly,Waaree Energies,798.75,678.94,100293.71
2023,Maharashtra,3kW,208978,177143,18.65,Mono,Tata Power Solar,839.25,713.36,98211.78
2023,Telangana,5kW,342854,265476,21.01,Poly,RenewSys,1575.75,1339.39,161128.45
2023,Maharashtra,5kW,316968,284641,17.07,Mono,Vikram Solar,1280.25,1088.21,148963.01
2023,Maharashtra,3kW,218246,190553,19.86,Poly,Vikram Solar,893.7,759.64,102567.39
2023,Maharashtra,5kW,365190,305137,20.18,Mono,Vikram Solar,1513.5,1286.47,171625.53
2023,Telangana,5kW,367828,290635,18.6,Poly,RenewSys,1395.0,1185.75,172865.29
2023,Andhra Pradesh,5kW,363536,308356,17.9,Poly,Tata Power Solar,1342.5,1141.12,170848.21
2023,Madhya Pradesh,5kW,351458,303578,17.48,Poly,Adani Solar,1311.0,1114.35,165172.01
2023,Madhya Pradesh,3kW,233939,206389,16.48,Poly,Adani Solar,741.6,630.36,109942.51
2023,Maharashtra,5kW,345062,297940,16.87,Mono,Waaree Energies,1265.25,1075.46,162166.13
2023,Andhra Pradesh,3kW,193453,146254,19.31,Poly,Adani Solar,868.95,738.61,90915.61
2024,Telangana,3kW,205534,161738,21.1,Poly,Vikram Solar,949.5,807.07,94824.31
2024,Maharashtra,5kW,365470,287610,16.43,Thin-Film,Waaree Energies,1232.25,1047.41,168611.71
2024,Andhra Pradesh,3kW,227004,174661,19.42,Mono,Vikram Solar,873.9,742.81,104729.62
2024,Madhya Pradesh,3kW,222972,177375,18.47,Mono,Vikram Solar,831.15,706.48,102869.43
2024,Telangana,3kW,227158,199575,19.84,Poly,Vikram Solar,892.8,758.88,104800.67
2024,Maharashtra,3kW,205810,178921,18.55,Mono,Waaree Energies,834.75,709.54,94951.64
2024,Telangana,3kW,226413,176848,15.48,Poly,Tata Power Solar,696.6,592.11,104456.96
2024,Telangana,3kW,230142,176555,16.55,Mono,Waaree Energies,744.75,633.04,106177.35
2024,Andhra Pradesh,5kW,319359,286945,20.06,Mono,Vikram Solar,1504.5,1278.83,147338.14
2024,Madhya Pradesh,5kW,363056,301424,21.12,Poly,Tata Power Solar,1584.0,1346.4,167498.0
2024,Telangana,3kW,215963,183558,20.54,Mono,Waaree Energies,924.3,785.65,99635.79
2024,Andhra Pradesh,3kW,194434,151057,17.83,Poly,Adani Solar,802.35,682.0,89703.26
2024,Maharashtra,3kW,194234,172605,17.71,Thin-Film,Adani Solar,796.95,677.41,89610.99
2024,Madhya Pradesh,5kW,353442,303206,16.46,Poly,Vikram Solar,1234.5,1049.33,163062.53
2024,Madhya Pradesh,5kW,361717,304417,18.79,Thin-Film,Waaree Energies,1409.25,1197.86,166880.25
2024,Madhya Pradesh,3kW,215307,176156,21.87,Poly,Adani Solar,984.15,836.53,99333.14
2024,Andhra Pradesh,5kW,316476,246670,18.03,Thin-Film,RenewSys,1352.25,1149.41,146008.05
2024,Madhya Pradesh,3kW,223402,199626,18.12,Mono,Waaree Energies,815.4,693.09,103067.81
2024,Maharashtra,5kW,318397,268765,15.48,Thin-Film,Adani Solar,1161.0,986.85,146894.31
2024,Andhra Pradesh,5kW,332010,280408,15.32,Poly,Vikram Solar,1149.0,976.65,153174.75
2024,Maharashtra,3kW,198026,166958,20.82,Poly,Waaree Energies,936.9,796.37,91360.45
2024,Madhya Pradesh,3kW,238008,214017,20.63,Mono,Waaree Energies,928.35,789.1,109806.38
2024,Telangana,5kW,323006,288347,19.07,Thin-Film,Vikram Solar,1430.25,1215.71,149020.7
2024,Telangana,5kW,365609,286164,20.26,Thin-Film,Vikram Solar,1519.5,1291.58,168675.84
2024,Maharashtra,5kW,321577,252831,15.1,Poly,RenewSys,1132.5,962.62,148361.42
2024,Maharashtra,5kW,351003,276822,16.19,Poly,Vikram Solar,1214.25,1032.11,161937.28
2024,Telangana,3kW,224693,176946,21.36,Mono,Tata Power Solar,961.2,817.02,103663.42
2024,Maharashtra,3kW,201138,167955,20.42,Thin-Film,Adani Solar,918.9,781.06,92796.19
2024,Andhra Pradesh,3kW,212260,170899,16.1,Thin-Film,Adani Solar,724.5,615.82,97927.39
2024,Andhra Pradesh,3kW,229178,196946,16.42,Poly,Waaree Energies,738.9,628.06,105732.61
2024,Maharashtra,3kW,230172,199734,17.97,Thin-Film,Vikram Solar,808.65,687.35,106191.19
2024,Madhya Pradesh,5kW,353307,278454,18.91,Mono,RenewSys,1418.25,1205.51,163000.24
2024,Andhra Pradesh,5kW,316539,263810,18.16,Thin-Film,Vikram Solar,1362.0,1157.7,146037.11
2024,Andhra Pradesh,5kW,356448,306263,19.85,Poly,Adani Solar,1488.75,1265.44,164449.36
2024,Maharashtra,3kW,202226,162699,17.27,Thin-Film,Tata Power Solar,777.15,660.58,93298.14
2024,Telangana,5kW,347019,288210,16.95,Thin-Film,Tata Power Solar,1271.25,1080.56,160099.24
2024,Maharashtra,5kW,337526,290375,19.63,Thin-Film,Tata Power Solar,1472.25,1251.41,155719.59
2024,Maharashtra,3kW,233395,193897,21.88,Thin-Film,Adani Solar,984.6,836.91,107678.14
2024,Madhya Pradesh,5kW,359145,285576,17.58,Poly,Tata Power Solar,1318.5,1120.72,165693.64
2024,Madhya Pradesh,5kW,335344,278470,16.85,Mono,Tata Power Solar,1263.75,1074.19,154712.91
2024,Telangana,3kW,215183,185808,18.9,Thin-Film,Tata Power Solar,850.5,722.92,99275.93
2024,Madhya Pradesh,5kW,343457,268732,18.0,Thin-Film,Waaree Energies,1350.0,1147.5,158455.89
2024,Andhra Pradesh,3kW,234535,199637,21.31,Poly,RenewSys,958.95,815.11,108204.09
2024,Madhya Pradesh,3kW,218901,193913,20.24,Thin-Film,Adani Solar,910.8,774.18,100991.25
2024,Telangana,5kW,331372,294891,15.66,Poly,Tata Power Solar,1174.5,998.32,152880.4
2024,Madhya Pradesh,5kW,351258,266943,20.61,Poly,Adani Solar,1545.75,1313.89,162054.92
2024,Telangana,5kW,360626,270597,16.69,Poly,Waaree Energies,1251.75,1063.99,166376.91
2024,Maharashtra,5kW,365548,311550,21.73,Poly,Tata Power Solar,1629.75,1385.29,168647.7
2024,Maharashtra,3kW,194594,163283,15.1,Mono,Vikram Solar,679.5,577.57,89777.08
2024,Madhya Pradesh,5kW,316644,273959,15.1,Poly,RenewSys,1132.5,962.62,146085.55
2024,Andhra Pradesh,5kW,351073,278778,17.16,Thin-Film,RenewSys,1287.0,1093.95,161969.57
2024,Maharashtra,3kW,226607,182887,18.94,Poly,Waaree Energies,852.3,724.45,104546.46
2024,Madhya Pradesh,3kW,222596,186902,17.73,Poly,Tata Power Solar,797.85,678.17,102695.96
2024,Madhya Pradesh,3kW,195660,153884,18.1,Mono,Waaree Energies,814.5,692.32,90268.88
2024,Andhra Pradesh,3kW,229850,186908,18.99,Poly,Vikram Solar,854.55,726.37,106042.64
2024,Maharashtra,5kW,343418,261213,17.39,Thin-Film,Adani Solar,1304.25,1108.61,158437.89
2024,Telangana,3kW,194996,146374,21.87,Thin-Film,Waaree Energies,984.15,836.53,89962.54
2024,Madhya Pradesh,5kW,315232,261902,21.58,Poly,RenewSys,1618.5,1375.72,145434.12
2024,Andhra Pradesh,3kW,218554,169395,17.54,Poly,Waaree Energies,789.3,670.9,100831.16
2024,Andhra Pradesh,5kW,317031,240546,16.17,Mono,RenewSys,1212.75,1030.84,146264.1
2024,Telangana,3kW,190570,151585,19.54,Poly,Adani Solar,879.3,747.4,87920.58
2024,Andhra Pradesh,5kW,320066,252157,20.67,Thin-Film,Vikram Solar,1550.25,1317.71,147664.31
2024,Telangana,3kW,206999,164404,18.19,Mono,Waaree Energies,818.55,695.77,95500.19
2024,Maharashtra,3kW,235148,178168,15.42,Poly,Waaree Energies,693.9,589.81,108486.9
2024,Andhra Pradesh,5kW,322192,260506,19.9,Thin-Film,Vikram Solar,1492.5,1268.62,148645.16
2024,Madhya Pradesh,5kW,311141,248024,21.37,Thin-Film,Vikram Solar,1602.75,1362.34,143546.71
2024,Madhya Pradesh,5kW,367433,308539,16.08,Mono,Tata Power Solar,1206.0,1025.1,169517.35
2024,Telangana,3kW,209173,168094,15.55,Thin-Film,Tata Power Solar,699.75,594.79,96503.18
2024,Maharashtra,5kW,332439,269570,19.92,Poly,Waaree Energies,1494.0,1269.9,153372.67
2024,Telangana,5kW,333513,295931,19.25,Thin-Film,Tata Power Solar,1443.75,1227.19,153868.17
2024,Madhya Pradesh,3kW,236223,188127,19.18,Poly,Vikram Solar,863.1,733.63,108982.86
2024,Madhya Pradesh,3kW,215530,165330,16.38,Mono,RenewSys,737.1,626.53,99436.02
2024,Telangana,3kW,212615,163142,15.88,Mono,Waaree Energies,714.6,607.41,98091.17
2024,Maharashtra,5kW,352788,270022,19.36,Thin-Film,Tata Power Solar,1452.0,1234.2,162760.8
2024,Maharashtra,3kW,223998,173126,15.44,Poly,RenewSys,694.8,590.58,103342.78
2024,Madhya Pradesh,5kW,315750,265421,19.69,Poly,RenewSys,1476.75,1255.24,145673.1
2024,Andhra Pradesh,5kW,335500,297667,17.7,Poly,Adani Solar,1327.5,1128.38,154784.88
2024,Andhra Pradesh,3kW,225179,196982,18.32,Mono,Adani Solar,824.4,700.74,103887.64
2024,Andhra Pradesh,5kW,312775,276759,16.17,Thin-Film,Waaree Energies,1212.75,1030.84,144300.57
2024,Telangana,5kW,346738,260817,16.16,Mono,Adani Solar,1212.0,1030.2,159969.6
2024,Madhya Pradesh,5kW,347099,297895,20.59,Thin-Film,Waaree Energies,1544.25,1312.61,160136.15
2024,Andhra Pradesh,5kW,335479,290875,15.14,Poly,Tata Power Solar,1135.5,965.17,154775.19
2024,Andhra Pradesh,3kW,234571,198611,19.72,Mono,RenewSys,887.4,754.29,108220.7
2024,Madhya Pradesh,5kW,361300,315950,21.29,Mono,Adani Solar,1596.75,1357.24,166687.86
2024,Andhra Pradesh,5kW,322453,248385,16.08,Thin-Film,Tata Power Solar,1206.0,1025.1,148765.57
2024,Maharashtra,5kW,354673,275085,19.95,Mono,Tata Power Solar,1496.25,1271.81,163630.45
2024,Andhra Pradesh,5kW,333741,293501,19.06,Mono,Vikram Solar,1429.5,1215.08,153973.35
2024,Madhya Pradesh,5kW,332765,283930,15.02,Thin-Film,Adani Solar,1126.5,957.52,153523.07
2024,Madhya Pradesh,5kW,348230,309109,18.22,Mono,Waaree Energies,1366.5,1161.52,160657.94
2024,Maharashtra,5kW,347688,275619,16.97,Thin-Film,RenewSys,1272.75,1081.84,160407.88
2024,Andhra Pradesh,3kW,217413,172027,19.02,Mono,Vikram Solar,855.9,727.51,100304.75
2024,Maharashtra,5kW,355991,284924,16.39,Mono,Tata Power Solar,1229.25,1044.86,164238.52
2024,Maharashtra,3kW,211158,172223,20.36,Mono,Waaree Energies,916.2,778.77,97418.97
2024,Madhya Pradesh,5kW,338378,278006,18.3,Thin-Film,RenewSys,1372.5,1166.62,156112.66
2024,Telangana,3kW,226683,187585,20.87,Poly,RenewSys,939.15,798.28,104581.52
2024,Maharashtra,3kW,222994,173944,15.86,Thin-Film,Waaree Energies,713.7,606.64,102879.58
2024,Maharashtra,5kW,342954,269435,15.88,Thin-Film,RenewSys,1191.0,1012.35,158223.83
2024,Telangana,3kW,192032,167773,18.97,Poly,Vikram Solar,853.65,725.6,88595.08
2024,Telangana,5kW,311881,240010,17.82,Poly,Tata Power Solar,1336.5,1136.02,143888.12
2024,Madhya Pradesh,3kW,236151,199352,19.63,Thin-Film,Vikram Solar,883.35,750.85,108949.64
2025,Andhra Pradesh,3kW,191445,147756,16.16,Poly,Vikram Solar,727.2,618.12,191445.0
2025,Maharashtra,5kW,360818,314840,20.78,Thin-Film,Vikram Solar,1558.5,1324.72,360818.0
2025,Andhra Pradesh,5kW,316855,258612,17.6,Poly,Adani Solar,1320.0,1122.0,316855.0
2025,Andhra Pradesh,5kW,336143,262305,17.57,Thin-Film,Adani Solar,1317.75,1120.09,336143.0
2025,Maharashtra,5kW,339872,268696,19.01,Mono,Tata Power Solar,1425.75,1211.89,339872.0
2025,Telangana,5kW,359459,287238,16.54,Thin-Film,Adani Solar,1240.5,1054.42,359459.0
2025,Andhra Pradesh,3kW,201001,165163,19.12,Mono,Vikram Solar,860.4,731.34,201001.0
2025,Madhya Pradesh,3kW,205916,158431,20.55,Thin-Film,Vikram Solar,924.75,786.04,205916.0
2025,Madhya Pradesh,5kW,337340,291863,16.86,Mono,Waaree Energies,1264.5,1074.83,337340.0
2025,Telangana,3kW,238400,204048,16.66,Thin-Film,Tata Power Solar,749.7,637.25,238400.0
2025,Maharashtra,3kW,230214,197127,16.45,Poly,Adani Solar,740.25,629.21,230214.0
2025,Andhra Pradesh,3kW,200938,163062,15.05,Mono,Waaree Energies,677.25,575.66,200938.0
2025,Madhya Pradesh,3kW,208108,182474,18.41,Thin-Film,RenewSys,828.45,704.18,208108.0
2025,Andhra Pradesh,3kW,199104,158165,21.55,Thin-Film,Adani Solar,969.75,824.29,199104.0
2025,Andhra Pradesh,3kW,220957,171433,16.19,Mono,Adani Solar,728.55,619.27,220957.0
2025,Telangana,5kW,357764,319548,19.53,Poly,Waaree Energies,1464.75,1245.04,357764.0
2025,Maharashtra,5kW,326526,249272,18.57,Thin-Film,Adani Solar,1392.75,1183.84,326526.0
2025,Maharashtra,3kW,237574,191496,16.95,Mono,Vikram Solar,762.75,648.34,237574.0
2025,Telangana,5kW,345464,267431,16.12,Poly,Tata Power Solar,1209.0,1027.65,345464.0
2025,Maharashtra,3kW,203409,176492,17.35,Mono,Adani Solar,780.75,663.64,203409.0
2025,Madhya Pradesh,3kW,209692,185212,19.26,Thin-Film,Adani Solar,866.7,736.7,209692.0
2025,Madhya Pradesh,3kW,205549,163546,19.28,Poly,Waaree Energies,867.6,737.46,205549.0
2025,Andhra Pradesh,5kW,368226,289935,15.88,Poly,Adani Solar,1191.0,1012.35,368226.0
2025,Telangana,3kW,233423,190597,21.0,Mono,Vikram Solar,945.0,803.25,233423.0
2025,Madhya Pradesh,3kW,199783,168197,15.46,Poly,Adani Solar,695.7,591.35,199783.0
2025,Telangana,3kW,190191,158872,15.61,Poly,RenewSys,702.45,597.08,190191.0
2025,Telangana,3kW,203682,172770,15.21,Poly,Adani Solar,684.45,581.78,203682.0
2025,Maharashtra,5kW,335662,300006,19.46,Thin-Film,Vikram Solar,1459.5,1240.58,335662.0
2025,Maharashtra,3kW,199221,159023,17.22,Thin-Film,Vikram Solar,774.9,658.66,199221.0
2025,Andhra Pradesh,5kW,321382,260337,18.54,Poly,Waaree Energies,1390.5,1181.92,321382.0
2025,Andhra Pradesh,5kW,365472,313486,21.74,Poly,Adani Solar,1630.5,1385.92,365472.0
2025,Madhya Pradesh,5kW,313359,256499,17.43,Thin-Film,Adani Solar,1307.25,1111.16,313359.0
2025,Madhya Pradesh,5kW,316226,269809,17.38,Thin-Film,Waaree Energies,1303.5,1107.97,316226.0
2025,Madhya Pradesh,5kW,324330,250567,15.62,Poly,RenewSys,1171.5,995.77,324330.0
2025,Madhya Pradesh,5kW,320848,243740,16.3,Poly,Waaree Energies,1222.5,1039.12,320848.0
2025,Madhya Pradesh,5kW,358003,311543,16.15,Thin-Film,Adani Solar,1211.25,1029.56,358003.0
2025,Maharashtra,5kW,326567,264753,16.05,Thin-Film,Tata Power Solar,1203.75,1023.19,326567.0
2025,Andhra Pradesh,3kW,230446,190065,16.73,Poly,Vikram Solar,752.85,639.92,230446.0
2025,Andhra Pradesh,5kW,321241,245519,19.53,Poly,Adani Solar,1464.75,1245.04,321241.0
2025,Madhya Pradesh,5kW,341954,261371,20.72,Thin-Film,RenewSys,1554.0,1320.9,341954.0
2025,Andhra Pradesh,3kW,200703,157023,18.24,Mono,Vikram Solar,820.8,697.68,200703.0
2025,Telangana,3kW,222299,186357,17.82,Mono,Tata Power Solar,801.9,681.62,222299.0
2025,Maharashtra,5kW,349763,275046,17.07,Mono,RenewSys,1280.25,1088.21,349763.0
2025,Madhya Pradesh,3kW,196511,168853,16.33,Thin-Film,Waaree Energies,734.85,624.62,196511.0
2025,Andhra Pradesh,3kW,213929,173160,21.04,Mono,Adani Solar,946.8,804.78,213929.0
2025,Madhya Pradesh,5kW,323780,255708,18.72,Poly,Adani Solar,1404.0,1193.4,323780.0
2025,Andhra Pradesh,3kW,217790,164979,15.96,Mono,Vikram Solar,718.2,610.47,217790.0
2025,Maharashtra,5kW,333576,291992,15.82,Poly,Tata Power Solar,1186.5,1008.52,333576.0
2025,Telangana,5kW,345440,308551,16.53,Mono,Tata Power Solar,1239.75,1053.79,345440.0
2025,Maharashtra,5kW,359242,273119,20.75,Thin-Film,Vikram Solar,1556.25,1322.81,359242.0
2025,Andhra Pradesh,5kW,319878,254317,17.88,Poly,Waaree Energies,1341.0,1139.85,319878.0
2025,Andhra Pradesh,3kW,197347,177292,20.79,Thin-Film,Waaree Energies,935.55,795.22,197347.0
2025,Telangana,5kW,344820,305231,15.53,Thin-Film,Vikram Solar,1164.75,990.04,344820.0
2025,Telangana,5kW,330922,249156,16.5,Mono,Tata Power Solar,1237.5,1051.88,330922.0
2025,Telangana,3kW,220209,173782,15.23,Thin-Film,Waaree Energies,685.35,582.55,220209.0
2025,Andhra Pradesh,3kW,208395,180582,21.11,Thin-Film,Vikram Solar,949.95,807.46,208395.0
2025,Telangana,3kW,220663,188787,21.57,Poly,Tata Power Solar,970.65,825.05,220663.0
2025,Andhra Pradesh,5kW,313961,245192,15.22,Mono,Vikram Solar,1141.5,970.27,313961.0
2025,Andhra Pradesh,3kW,208103,176444,15.35,Mono,Waaree Energies,690.75,587.14,208103.0
2025,Madhya Pradesh,3kW,232571,191048,16.53,Thin-Film,Vikram Solar,743.85,632.27,232571.0
2025,Telangana,3kW,208816,180014,19.04,Mono,RenewSys,856.8,728.28,208816.0
2025,Andhra Pradesh,5kW,330884,260810,15.54,Thin-Film,Vikram Solar,1165.5,990.67,330884.0
2025,Maharashtra,3kW,237111,207769,15.36,Thin-Film,Vikram Solar,691.2,587.52,237111.0
2025,Andhra Pradesh,5kW,318848,247047,17.51,Mono,Vikram Solar,1313.25,1116.26,318848.0
2025,Telangana,5kW,316509,276185,15.98,Thin-Film,Waaree Energies,1198.5,1018.73,316509.0
2025,Maharashtra,5kW,362732,305532,18.21,Poly,Waaree Energies,1365.75,1160.89,362732.0
2025,Telangana,5kW,319275,281665,21.54,Mono,Adani Solar,1615.5,1373.17,319275.0
2025,Telangana,3kW,197384,159831,21.56,Thin-Film,RenewSys,970.2,824.67,197384.0
2025,Andhra Pradesh,5kW,314485,275431,19.59,Thin-Film,Vikram Solar,1469.25,1248.86,314485.0
2025,Andhra Pradesh,5kW,349696,266043,20.91,Mono,RenewSys,1568.25,1333.01,349696.0
2025,Maharashtra,5kW,339227,299383,19.29,Mono,RenewSys,1446.75,1229.74,339227.0
2025,Maharashtra,3kW,207387,165079,19.54,Thin-Film,Tata Power Solar,879.3,747.4,207387.0
2025,Madhya Pradesh,5kW,319890,268553,20.84,Thin-Film,RenewSys,1563.0,1328.55,319890.0
2025,Madhya Pradesh,5kW,332908,280968,16.79,Poly,Tata Power Solar,1259.25,1070.36,332908.0
2025,Telangana,3kW,227663,179283,18.72,Thin-Film,Vikram Solar,842.4,716.04,227663.0
2025,Madhya Pradesh,5kW,344724,306626,17.77,Mono,Adani Solar,1332.75,1132.84,344724.0
2025,Madhya Pradesh,5kW,367530,329169,21.35,Mono,RenewSys,1601.25,1361.06,367530.0
2025,Madhya Pradesh,3kW,237961,208161,21.16,Mono,RenewSys,952.2,809.37,237961.0
2025,Maharashtra,3kW,239909,204485,21.78,Thin-Film,Vikram Solar,980.1,833.09,239909.0
2025,Maharashtra,3kW,193558,167801,21.2,Poly,RenewSys,954.0,810.9,193558.0
2025,Madhya Pradesh,5kW,345186,291011,17.22,Poly,Waaree Energies,1291.5,1097.77,345186.0
2025,Madhya Pradesh,3kW,209229,164692,18.72,Poly,Adani Solar,842.4,716.04,209229.0
2025,Telangana,3kW,217356,182636,18.11,Mono,Tata Power Solar,814.95,692.71,217356.0
2025,Andhra Pradesh,3kW,209094,162060,18.78,Mono,Vikram Solar,845.1,718.34,209094.0
2025,Andhra Pradesh,3kW,229531,193527,21.41,Poly,Vikram Solar,963.45,818.93,229531.0
2025,Madhya Pradesh,5kW,329601,284305,18.83,Mono,RenewSys,1412.25,1200.41,329601.0
2025,Telangana,3kW,199417,162334,17.28,Poly,RenewSys,777.6,660.96,199417.0
2025,Maharashtra,3kW,235890,182986,19.99,Poly,RenewSys,899.55,764.62,235890.0
2025,Madhya Pradesh,5kW,331438,278648,20.1,Thin-Film,Vikram Solar,1507.5,1281.38,331438.0
2025,Telangana,5kW,359877,279601,18.08,Mono,Adani Solar,1356.0,1152.6,359877.0
2025,Telangana,5kW,328581,257116,16.86,Poly,RenewSys,1264.5,1074.83,328581.0
2025,Maharashtra,5kW,364786,273719,16.34,Mono,Adani Solar,1225.5,1041.67,364786.0
2025,Andhra Pradesh,3kW,237216,202659,16.39,Thin-Film,Tata Power Solar,737.55,626.92,237216.0
2025,Andhra Pradesh,3kW,206508,178959,17.15,Mono,RenewSys,771.75,655.99,206508.0
2025,Madhya Pradesh,3kW,202317,158526,15.91,Mono,Waaree Energies,715.95,608.56,202317.0
2025,Madhya Pradesh,5kW,339166,266722,21.29,Mono,RenewSys,1596.75,1357.24,339166.0
2025,Telangana,5kW,340009,288639,20.63,Mono,Tata Power Solar,1547.25,1315.16,340009.0
2025,Telangana,5kW,321618,260392,16.14,Mono,Waaree Energies,1210.5,1028.92,321618.0
2025,Maharashtra,3kW,236602,183479,21.64,Thin-Film,Adani Solar,973.8,827.73,236602.0
2025,Maharashtra,3kW,210176,181860,21.08,Thin-Film,Vikram Solar,948.6,806.31,210176.0
